1,1,2,2,3,3,4,4,5,5,6,6,7,7,8,8,9,9
UID,Effect,UID,Effect,UID,Effect,UID,Effect,UID,Effect,UID,Effect,UID,Effect,UID,Effect,UID,Effect
Collagen-VI,-0.468037126679853,Cytokeratin-19,-0.1658676051638361,Vimentin,-0.19817757067473826,PAR,-0.2949557667887131,ER-alpha,-0.17229503404451438,Puma,-0.22042641320765474,PD-L1,-0.18538123391417766,SF2,-0.1966242938242726,c-Jun_pS73,-0.18344113675789067
PKC-alpha,-0.15216178482811432,Pdcd4,-0.14059904924469718,PD-L1,-0.18203156752923522,AMPKa_pT172,-0.1802007841728813,HER2_pY1248,-0.1688470936920733,PREX1,-0.20330388271242145,p16INK4a,-0.170363022678202,Src_pY527,-0.1572319503320206,EGFR,-0.13154310508795602
PKC-alpha_pS657,-0.11427316908620669,HER3,-0.09570045531070664,XBP1,-0.17549995898218823,Claudin-7,-0.1193357777773878,TAZ,-0.1628130954737909,AMPKa_pT172,-0.19713486388243495,Caveolin-1,-0.1587241358117337,MAPK_pT202_Y204,-0.1505644111391974,MAPK_pT202_Y204,-0.13129155709518667
SOD2,-0.08267565378360986,Puma,-0.09560418308371031,FoxO3a,-0.16822582246481627,14-3-3-epsilon,-0.10986070948596173,Caveolin-1,-0.15219922077281609,TAZ,-0.1920360027401725,HSP27_pS82,-0.1528505967010864,PARP1,-0.14120577467619524,Tau,-0.11748841002386957
Histone-H3,-0.07756665608088525,HER3_pY1289,-0.09441042525572273,14-3-3-epsilon,-0.16314838688548505,PARP1,-0.09868445942988693,Collagen-VI,-0.14481223583783326,PAR,-0.18285742441703398,VEGFR-2,-0.1491328554529137,Beclin,-0.13799421523468136,LDHA,-0.11417598957521641
IGF1R-b,-0.07629705830618935,c-Myc,-0.09261923020294022,CD44,-0.15897038271419206,TSC2_PT1462,-0.08989509086319092,VEGFR-2,-0.13035779813589762,PD-L1,-0.18006705525033265,PAR,-0.1460487191299635,c-Jun_pS73,-0.11207112641845907,Caveolin-1,-0.096677731910137
Bax,-0.06886505719920788,ATP5A,-0.08074055096946613,MSH2,-0.15652411411581146,MAPK_pT202_Y204,-0.07549014428381916,SF2,-0.12810529571856655,TSC2_PT1462,-0.1798732224814418,PKCBETAII_PS660,-0.1436935124111868,Rab11,-0.11007890878284292,TAZ,-0.09194939807933979
Connexin-43,-0.06815877688840025,G6PD,-0.07669686315268755,Hif-1-alpha,-0.15634202056335486,Ets-1,-0.07410542124247256,Paxillin,-0.1276233744918011,XBP1,-0.16365967015886362,S6_pS235_S236,-0.13869792926223964,Bid,-0.10999260908347264,Beclin,-0.08608892094994222
GCN5L2,-0.06766594302438916,HER2,-0.07501298940184191,Rab25,-0.1436263005718766,G6PD,-0.07372314216307295,PREX1,-0.11608655895319599,EGFR,-0.15968050410857113,ACC1,-0.12859386716434937,S6_pS240_S244,-0.10590754314743515,TFRC,-0.08342489228463178
PD-L1,-0.06554479848910273,Chk1_pS296,-0.06586538366509966,Smad4,-0.1388130032438918,RBM15,-0.06741091709643951,Akt_pS473,-0.11455985498477933,Akt_pT308,-0.15161316300023445,Gab2,-0.12105756295384101,Claudin-7,-0.10399138053544343,PAR,-0.08016957282646239
PARP1,-0.0615515760159767,Rad50,-0.06495661428625547,PARP1,-0.13801273764062882,PKCBETAII_PS660,-0.06552806770545416,Ets-1,-0.11362301317523202,Caveolin-1,-0.15083907345716072,SF2,-0.11856126643608407,HER2,-0.10211820341346742,GATA3,-0.07962954009747442
Gab2,-0.061298042612676226,GAPDH,-0.06236247890247525,Bcl2,-0.13150665715557774,Bcl2,-0.06340173704844868,XBP1,-0.10533197995457409,Aurora-B,-0.13690204308665782,Gys,-0.11742096645780528,PEA-15_pS116,-0.09766619440951359,G6PD,-0.07894570671650525
AMPKa_pT172,-0.05976120710628529,eEF2K,-0.05942794852599089,JAB1,-0.12778195284395044,TIGAR,-0.06237267222234849,Smac,-0.10289842336863977,Beclin,-0.13187018514791843,FASN,-0.1171373369739207,Src,-0.09759316552850052,14-3-3-zeta,-0.06829683482146773
CXCR4,-0.049370591239280066,SOD2,-0.058081599089574866,HER2_pY1248,-0.11979880283024309,LDHA,-0.06126763528651923,Shc_pY317,-0.10078415461383813,Src_pY527,-0.12249519482678475,B-Raf_pS445,-0.11497247226673898,4E-BP1_pS65,-0.0953866575115718,YAP_pS127,-0.06535871786392437
PEA-15_pS116,-0.047171536440060474,Rb_pS807_S811,-0.0577895252267588,Annexin-1,-0.1158940024690522,Heregulin,-0.05849078387046288,Gys_pS641,-0.09896447152043618,RPA32,-0.11733320746476085,Claudin-7,-0.09976017534669757,c-Met,-0.09508792672078163,Claudin-7,-0.06175606371268693
AR,-0.04664811057919828,Gab2,-0.05612650940082654,ATM_pS1981,-0.11499746673259043,FAK_pY397,-0.0581483445089126,Stat3_pY705,-0.09766817285726706,14-3-3-beta,-0.11548300363476581,GATA3,-0.09959131586759533,p38-MAPK_pT180_Y182,-0.09154366860671516,Akt_pT308,-0.06054599500637341
Chk1,-0.046488926946728404,PCNA,-0.05114018748948843,E2F1,-0.11062246882923826,eEF2,-0.05658806197211642,53BP1,-0.09447039106006799,HSP27,-0.11167078026889345,HER2,-0.09907990523554065,Puma,-0.09010238622237385,Chk2_pT68,-0.05783306795246448
ACC1_PS79,-0.045401755713049566,IGF1R-b,-0.050238522341302376,IGF1R_pY1135_Y1136,-0.10940142025238125,Annexin-1,-0.05477604108186853,PARP1,-0.08798386526842737,G6PD,-0.10693162142559531,53BP1,-0.09669489375255343,PTEN,-0.08803920823585848,DUSP4,-0.05757274653665672
IRS1,-0.04352847618259745,Stat3_pY705,-0.04935352084113724,HER2,-0.10307334591028415,ACVRL1,-0.05404364290981422,TIGAR,-0.08466814655002876,XIAP,-0.09993108067835484,Coup-TFII,-0.09527899363191547,E-Cadherin,-0.08653361531468844,NDRG1_pT346,-0.05656612425806133
EGFR,-0.04270338733239271,P70S6K,-0.048000936848566086,PARP-cleaved,-0.10188524496673292,Src_pY527,-0.053005429065145854,Puma,-0.08285113143370046,SCD1,-0.09580067290749003,Paxillin,-0.08870291787995828,Snail,-0.08401913242761397,NF-kB-p65_pS536,-0.056136727863403124
SDHA,-0.0408653489030796,INPP4b,-0.04770244845802762,FAK_pY397,-0.09956109289938973,ATM_pS1981,-0.05224731007007955,AR,-0.08229037665491427,p70-S6K_pT389,-0.09558734335820994,PREX1,-0.08764788029293007,Cyclin-D1,-0.08281626129054595,14-3-3-beta,-0.05509077604963222
p38-MAPK_pT180_Y182,-0.04030881585059115,Claudin-7,-0.04669457580064733,N-Ras,-0.09931912343361414,Rad51,-0.05069373727146277,EGFR_pY1173,-0.0807974136680552,ATP5A,-0.09336282748429019,HSP27,-0.08569180604381667,IGF1R_pY1135_Y1136,-0.0827460981221487,p70-S6K_pT389,-0.052344146017804585
IGF1R_pY1135_Y1136,-0.03983365688586177,SHP-2_pY542,-0.04510790417296322,NDUFB4,-0.09020187036110155,Rad50,-0.050279561452902445,Jak2,-0.07929331724293257,HER2_pY1248,-0.09290908218634508,RBM15,-0.0855232055811551,Tau,-0.0809812165715258,Smac,-0.05049751595750404
Vimentin,-0.0395987743013801,GATA3,-0.04471617844111191,FASN,-0.08792132462812237,ATP5A,-0.0495489524350182,Smad3,-0.07716738139271717,YAP_pS127,-0.09285124477269321,MAPK_pT202_Y204,-0.08504946231601067,AR,-0.08077764309803319,D-a-Tubulin,-0.049990165532240956
FRA-1,-0.03880992436876758,Smac,-0.04414527190856164,ADAR1,-0.08156609564184025,H2AX_pS140,-0.04923736962299935,Cyclin-D1,-0.07268180461684857,PKCBETAII_PS660,-0.09209115217351978,TSC2,-0.0802689718227188,MMP2,-0.0807031678113142,RSK,-0.04913425491938626
Chk1_pS345,-0.03775315254357981,p38-MAPK_pT180_Y182,-0.04249475019343768,SCD1,-0.08155227020695556,SCD1,-0.049072437357395374,EGFR,-0.0717299929685271,Stat3_pY705,-0.08948831193596671,p27_pT198,-0.07960513692974784,PKC-alpha_pS657,-0.07921345802570781,YAP,-0.047490790431409365
CD44,-0.0365669570178029,TAZ,-0.04175751888386989,Rad51,-0.0806574769931134,PYGM,-0.04825393512788497,eEF2,-0.07133505995768757,GATA3,-0.08935255292654544,PYGM,-0.07688054460934142,Akt_pS473,-0.07905939655333066,b-Catenin_pT41_S45,-0.045191935273062374
TSC2_PT1462,-0.03635013977819267,eIF4E,-0.03946703636231021,CD29,-0.08025468891715175,Pdcd4,-0.0463695361384209,eIF4G,-0.07073932948523516,p21,-0.08699193297997747,Src_pY527,-0.07555877171468181,SETD2,-0.07667552828081971,Aurora-B,-0.04497415005645177
ATM,-0.03629225937520161,HER2_pY1248,-0.03946088586786866,ACVRL1,-0.07879644163912619,CD44,-0.04634915490478534,Tau,-0.07037749635666878,Chk2,-0.07984498350535632,DUSP4,-0.07459262386659354,c-Kit,-0.07540213471445718,GSK3-alpha-beta,-0.04418490354601386
Annexin-1,-0.03531988637882513,Paxillin,-0.039130799153292976,PREX1,-0.07819870971360704,mTOR_pS2448,-0.04623263701274504,JNK2,-0.07006260001400905,Myosin-IIa_pS1943,-0.07737431524644325,TSC1,-0.07390467535989684,eIF4E,-0.07459930013195733,CMET_PY1234_Y1235,-0.04310435131470906
XBP1,-0.034493130547386654,Caveolin-1,-0.03678253076964658,AR,-0.07613458247840063,UGT1A,-0.04562515992666502,FAK,-0.06905144336011061,Pdcd4,-0.07578603922639013,Tau,-0.07134576077403426,CD29,-0.07385669012460575,JNK_pT183_Y185,-0.04182083769927448
H2AX_pS139,-0.03409325362974318,LDHA,-0.03673714584896742,DM-K9-Histone-H3,-0.07466649272601877,PLC-gamma2_pY759,-0.045601399272859035,HER2,-0.06325457099741273,p38-a,-0.07495053500687215,S6_pS240_S244,-0.07059730984610596,PRAS40,-0.07378061243458739,Mcl-1,-0.04001881660113492
Jak2,-0.03377473778077477,PAI-1,-0.034562115935965525,Histone-H3,-0.0724447566290076,Src_pY416,-0.04558328895142261,ARID1A,-0.06256074218343224,PKC-alpha,-0.06796773281262977,ACC1_PS79,-0.07014423173924149,EGFR,-0.072706804874523,Cyclin-D1,-0.03833089311975185
Complex-II-Subunit,-0.03374125884248941,p16INK4a,-0.03310886986368241,Claudin-7,-0.06819507530407608,CD49b,-0.044074383215747796,YB1,-0.059558256590056154,c-Kit,-0.06646278772197672,Histone-H3,-0.06830795053900947,Chk1_pS345,-0.072159133394789,DM-K9-Histone-H3,-0.03586752444982366
Lck,-0.03315596686162352,Rictor,-0.03233019741329193,UGT1A,-0.06686684340651866,PREX1,-0.043644117304703585,Src_pY416,-0.05858415716786082,Shc_pY317,-0.0652805336102859,ARID1A,-0.06779223845310374,p70-S6K_pT389,-0.0705117589032911,A-Raf_pS299,-0.0340770191083855
Pdcd4,-0.03315265019620016,Smad1,-0.03130126951016126,D-a-Tubulin,-0.06619132225052941,RPA32,-0.04274246330391622,Bcl-xL,-0.05784795834301085,c-Myc,-0.06431572556150694,P38,-0.06744939683068578,S6_pS235_S236,-0.07048574051132908,Akt,-0.033951051107898304
PDGFR-b,-0.03301572907921927,JNK2,-0.031023177254450064,PR,-0.06353974199022071,p90RSK_pT573,-0.04264243207581738,IGF1R-b,-0.05698095589924851,PEA-15,-0.06325643735833913,p21,-0.06573318053970097,Stat3_pY705,-0.06836783386263151,FAK,-0.03356471878564526
UGT1A,-0.03269760118365808,Fibronectin,-0.030799954013282355,PAR,-0.06083405585331081,Caveolin-1,-0.04133126487232247,G6PD,-0.05602263337935938,Complex-II-Subunit,-0.06272849599438975,Myosin-IIa_pS1943,-0.0642655962839129,p90RSK_pT573,-0.06779080733639771,GPBB,-0.03267229743335233
PARP-cleaved,-0.032140244052785344,MAPK_pT202_Y204,-0.030413769547721625,PEA-15_pS116,-0.060745674285635126,Chk2,-0.040592672905156266,Myosin-IIa_pS1943,-0.05593582178563979,Src_pY416,-0.05989873674775366,4E-BP1_pT37_T46,-0.06187049980296866,HSP27_pS82,-0.06557977781134475,GAPDH,-0.03190943822727773
Chk1_pS296,-0.03177492375903529,MSH6,-0.030144525468480246,DUSP4,-0.057396255063659016,CD29,-0.040585101620704535,Mcl-1,-0.05362945273396317,PARP1,-0.059564321032753165,Cyclin-D1,-0.06005296044353261,RBM15,-0.06531434580984839,Bcl-xL,-0.03031823320586775
c-Kit,-0.03159750614298471,PRAS40,-0.030133606072760943,p90RSK_pT573,-0.054506003073365485,Vimentin,-0.04004855348314947,GATA3,-0.049904352407698464,p16INK4a,-0.058710017744361825,PKC-alpha,-0.05803648397397647,Heregulin,-0.06481347850873755,Fibronectin,-0.02860617766819236
PYGM,-0.030811830920715308,Akt,-0.030117377752660747,PLC-gamma2_pY759,-0.05408393768354014,Connexin-43,-0.038489693359422136,Complex-II-Subunit,-0.049414584835329144,B-Raf_pS445,-0.05844810522401888,Pdcd4,-0.057766387069139405,TAZ,-0.0607342058509865,PEA-15,-0.02799793562494624
CD49b,-0.03060218675630468,Mitochondria,-0.029927877756546723,MAPK_pT202_Y204,-0.05067694212939143,PKC-alpha,-0.037515527825491286,GSK3-alpha-beta,-0.04910085039411935,ACC1,-0.055503710302612565,PDGFR-b,-0.05620986017375711,MEK1,-0.06030386697166744,CASPASE9_CLEAVED,-0.025217837508587547
Fibronectin,-0.029959012496450325,MIG6,-0.029922698703498573,N-Cadherin,-0.04948667732614689,MSH2,-0.037296629770721894,FASN,-0.0464053755434074,FAK_pY397,-0.055027765060694095,Lck,-0.05593645693192107,Tyro3,-0.05945930639335291,HER3,-0.02517420272476658
Beclin,-0.02983316671233444,Ets-1,-0.029561714142389103,Src,-0.04906366132228287,Chk2_pT68,-0.037269325815823526,SCD1,-0.04609801570271056,PDGFR-b,-0.053255409812104394,mTOR,-0.05231183512470473,XPF,-0.05941295533041804,HER2,-0.024333171798705318
Cyclophilin-F,-0.029823347819116823,FAK_pY397,-0.027073921679949164,HER3,-0.048709390910161465,GSK-3b_pS9,-0.03673401564685329,CDK1,-0.0457278954708919,p38-MAPK_pT180_Y182,-0.049134171780459375,NAPSIN-A,-0.052254548879645576,Bax,-0.05869264443897964,Rock-1,-0.02381310629154905
Heregulin,-0.02978713563020379,IRS1,-0.02674439643963203,Caveolin-1,-0.04823282682538034,ADAR1,-0.03610459175564113,LDHA,-0.04506485637270053,RBM15,-0.048561111481158756,CMET_PY1234_Y1235,-0.05088202411396423,AMPKa_pT172,-0.05849643572603317,A-Raf,-0.02364153782720709
PAI-1,-0.02960388452855129,Syk,-0.026323523533700852,PDGFR-b,-0.046305070877711026,Akt,-0.03521278030011915,PEA-15,-0.04484497008140953,Tyro3,-0.04711454842210048,4E-BP1_pS65,-0.04907859129979505,Twist,-0.05801066908038905,Histone-H3,-0.02338395728208005
Snail,-0.02959440558779466,Notch1,-0.026209211081070338,Src_pY416,-0.04619856538738208,Tau,-0.035116965654036686,JNK_pT183_Y185,-0.04434619108723545,TIGAR,-0.04576437199840593,SCD1,-0.04853204621177981,Rb_pS807_S811,-0.05667613697303041,Ets-1,-0.02170087104434953
TSC1,-0.02950886140827608,CASPASE9_CLEAVED,-0.026155941818688293,Twist,-0.045004380945051894,N-Ras,-0.034164570897196295,beta-Catenin,-0.04304225543757777,Cyclin-D1,-0.04368282215378501,Caspase-8,-0.04552967357125482,TSC2,-0.05480285594793714,FoxM1,-0.019556430339089763
SF2,-0.028795075340776757,ERCC5,-0.02596464697199506,TAZ,-0.04390301636208313,JAB1,-0.03407161804687993,CASPASE9_CLEAVED,-0.041807110162526494,Chk1_pS296,-0.04354086197217226,D-a-Tubulin,-0.04399691927272157,P70S6K,-0.05432068623438556,Syk,-0.018913324680480827
c-Myc,-0.028789192418036853,CD26,-0.02591047397127717,EGFR,-0.0437495124990776,Bcl-xL,-0.03293577971837427,p38-MAPK_pT180_Y182,-0.04018192795094525,HSP27_pS82,-0.04331433837812558,Collagen-VI,-0.04307613489372495,B-Raf,-0.053600641838165736,FRA-1,-0.018406411450794295
Caveolin-1,-0.028316461967492896,14-3-3-beta,-0.02542048468952903,Cox-IV,-0.04337145409652433,NDUFB4,-0.0323597141374256,NAPSIN-A,-0.039517067416130834,4E-BP1_pT37_T46,-0.04146325178022256,Jak2,-0.042081998608409284,Lck,-0.05339409908502574,Puma,-0.0162458598349612
14-3-3-zeta,-0.028079659249430837,RPA32,-0.02531258877392441,Cyclin-E1,-0.04285216729244521,RSK,-0.03225015942605342,B-Raf_pS445,-0.037993955162630426,FoxO3a_pS318_S321,-0.040934694646514,DM-K9-Histone-H3,-0.04116186257453729,N-Cadherin,-0.05234662468677458,Rab25,-0.016214352097759694
N-Cadherin,-0.02792739733303244,Smad3,-0.025092796388205482,ERCC5,-0.04123291972504123,Chk1_pS345,-0.03181832941524239,Akt,-0.037393138943852045,PI3K-p110-b,-0.04069349883138918,eIF4E,-0.04007700524729147,GAPDH,-0.048553171992649545,eEF2,-0.015468185762220966
Bcl2A1,-0.026115049045890026,CDK1,-0.02435321841461485,CASPASE7_CLEAVED,-0.04067656275043467,GSK3-alpha-beta_pS21_S9,-0.03152642134770459,Raptor,-0.03715406544773474,GSK-3b_pS9,-0.040601516259409436,PLK1,-0.03879105131509043,Rab25,-0.04795592949751044,Raptor,-0.015337298442900807
SETD2,-0.025412565005744965,E-Cadherin,-0.024172685586934355,ATM,-0.039340363109523636,N-Cadherin,-0.031122358887745,Beclin,-0.03618224492335901,IGF1R-b,-0.04027416757901762,Gys_pS641,-0.038774150304955755,Bcl2,-0.047834036709305416,XIAP,-0.015304431292824393
RSK,-0.024589863300970866,Transglutaminase,-0.024016850337990968,Coup-TFII,-0.03608714148509961,Dvl3,-0.030430843009547695,FoxO3a_pS318_S321,-0.035813860927176124,Gys_pS641,-0.039653042196705006,HER3_pY1289,-0.03691165076205565,A-Raf_pS299,-0.04763916773446971,HIAP,-0.015037790127398367
Bcl2,-0.024534648884023236,DUSP4,-0.023544946406340812,Akt,-0.035625303290624986,Bid,-0.030156066126945283,SHP-2_pY542,-0.03562339462536597,JAB1,-0.03962461763607511,Smad3,-0.035445737044768104,JNK2,-0.047139188827410645,MEK2,-0.013013227483323401
ARID1A,-0.02440656954180613,Gys_pS641,-0.023117729506008645,VEGFR-2,-0.03453784358000972,XPF,-0.02999611409466395,DM-Histone-H3,-0.03558193798477009,INPP4b,-0.0386936253566399,Mcl-1,-0.03501625323136549,NF-kB-p65_pS536,-0.04697270451093037,PDK1,-0.012035572732042334
ACVRL1,-0.023967640518959287,AMPKa_pT172,-0.02290149021443986,YAP_pS127,-0.034340693254886236,Smad4,-0.029507827012592445,PLC-gamma2_pY759,-0.03555903280726748,AR,-0.03816113330467513,E-Cadherin,-0.034337850839317396,AMPK-alpha,-0.04685134630044374,Glutaminase,-0.011098343984322351
c-Jun_pS73,-0.023360616733608428,Bcl-xL,-0.02284236972080936,Chk2_pT68,-0.03229474320910185,Lck,-0.029404561679852812,IGF1R_pY1135_Y1136,-0.035134406421877165,ATM_pS1981,-0.037992172272698035,IGFBP2,-0.03309979053366523,NAPSIN-A,-0.04654809074317797,p27_pT198,-0.010744651791458913
NDUFB4,-0.02226726127338312,B-Raf,-0.022833496634808322,TSC1,-0.031040573810378173,Cox-IV,-0.02939650696377126,PRAS40_pT246,-0.03371591944517236,JNK2,-0.03741651459447947,Complex-II-Subunit,-0.033032134243586884,Notch1,-0.04297134708492737,UGT1A,-0.010388597967243113
MIG6,-0.021899028558952396,XRCC1,-0.022257727325591354,PI3K-p110-b,-0.030528005086698447,Porin,-0.028928352672353778,HSP27,-0.027728266927910628,ATP5H,-0.035873312481530875,ERCC5,-0.03273205501992186,ACC1,-0.04146789033528365,Coup-TFII,-0.010233012674554775
Rb,-0.021714566153962635,NF-kB-p65_pS536,-0.021530655315753155,ER-alpha,-0.030472561228556887,Tyro3,-0.02842406235826438,p21,-0.02748018153111289,Chk1_pS345,-0.03558413522729952,mTOR_pS2448,-0.03230923177515444,Src_pY416,-0.041392942476005605,FAK_pY397,-0.010015350096965615
Smad4,-0.021689178648413306,JNK_pT183_Y185,-0.020899538327972405,H2AX_pS139,-0.0303416071034703,PLK1,-0.0284005461677741,P38,-0.026947291223517626,DM-Histone-H3,-0.034096104509843135,eIF4G,-0.029904462620590978,p21,-0.04128807478387389,P70S6K,-0.008776943451137447
PR,-0.02165913693929339,p90RSK_pT573,-0.020572775454384018,H2AX_pS140,-0.03005199288111406,H2AX_pS139,-0.028131573165368073,Histone-H3,-0.026045717548236428,Fibronectin,-0.03373402778698025,Stathmin,-0.02987386035965059,ATR,-0.040096199378124676,ARHI,-0.008398669049286314
IGFBP2,-0.021245900035737394,Annexin-VII,-0.020250851090345686,Porin,-0.029705816181808897,MEK1,-0.027895936674865954,c-Jun_pS73,-0.025054468985675274,Cyclophilin-F,-0.03354008822885341,SDHA,-0.029022147089038604,PR,-0.039328935822284125,p90RSK_pT573,-0.007547483215578906
eEF2,-0.02065733219597539,PEA-15,-0.020086824781247934,Heregulin,-0.02831787491787295,P38,-0.02615586774645131,IRS1,-0.02399651576241529,PLK1,-0.0320430004104409,FoxO3a_pS318_S321,-0.02821076610322955,XIAP,-0.03889896238511727,CASPASE7_CLEAVED,-0.006613569933692031
Rock-1,-0.02064327788111605,Aurora-B,-0.01872866896563817,A-Raf_pS299,-0.02673730381007654,mTOR,-0.0255286819325647,p27_pT198,-0.02339173192333205,MIG6,-0.031993059656546155,NDRG1_pT346,-0.02788514278455969,eEF2K,-0.03769435536814293,YB1_pS102,-0.006385180292668157
Bid,-0.020608014756374787,FoxO3a_pS318_S321,-0.018671269581277555,Gys,-0.025443242028704544,SF2,-0.025431921084756014,CMET_PY1234_Y1235,-0.02302281227662065,PLC-gamma2_pY759,-0.03195687743370408,14-3-3-zeta,-0.026071666737444307,SOD2,-0.03724116518735488,TTF1,-0.005934553893111836
NAPSIN-A,-0.019139820463116887,SDHA,-0.018600576584777914,P70S6K,-0.0252845976649427,ACC1_PS79,-0.02522781709548458,Pdcd4,-0.021427100330561916,CDK1,-0.0310486864245995,TIGAR,-0.025568818230547078,PDK1,-0.03681710926221593,Transglutaminase,-0.005542867192686218
Stathmin,-0.018922904902117635,14-3-3-zeta,-0.0179512470471833,Pdcd4,-0.024993621269605273,DM-K9-Histone-H3,-0.024881904157745827,Gab2,-0.020287918610710647,Gab2,-0.030735029964489832,Bax,-0.02545708791798889,Cyclin-E1,-0.03681066147411266,XBP1,-0.0051448470251756395
Ets-1,-0.01877236389180915,BAP1,-0.017370848178171937,YAP,-0.024971114866513093,beta-Catenin,-0.02460966318594016,TSC2,-0.01978969750736962,UGT1A,-0.030114084717125095,YB1_pS102,-0.025291249883997124,FoxO3a,-0.03671240159539707,Vimentin,-0.004822659222991715
FAK,-0.017845270139082943,VEGFR-2,-0.01728433075824932,EGFR_pY1173,-0.02383651934048016,HSP27_pS82,-0.02456527780251677,PEA-15_pS116,-0.019212563720163646,Annexin-1,-0.029884702148787804,Smac,-0.0244317732475833,ERCC5,-0.03616241561245282,Mitochondria,-0.004358293134296334
Src_pY416,-0.017579855035657718,FRA-1,-0.016592310502324955,A-Raf,-0.02379437779927417,PDK1_pS241,-0.02408785885115246,Rb_pS807_S811,-0.01739205921226492,Glutaminase,-0.029693076114306844,Glutaminase,-0.02364004594486678,P38,-0.035522695842321796,Rictor_pT1135,-0.004203341362383886
Transglutaminase,-0.017418799763875562,Rab11,-0.016518699376968794,CXCR4,-0.023435719280894402,FoxO3a,-0.02363599510588905,ATP5A,-0.017127206935037352,Caspase-8,-0.029509234020669062,p70-S6K_pT389,-0.0235434088399731,IGFBP2,-0.033850628575124456,Bcl2A1,-0.003901767117677452
RPA32,-0.017298244034743997,PMS2,-0.016427763639300184,Mcl-1,-0.022028025572305907,c-Kit,-0.023500925677375963,Dvl3,-0.01557114605130429,N-Cadherin,-0.029194044315575422,14-3-3-epsilon,-0.02353986626643298,p38-a,-0.0337963719608861,MSH2,-0.003222105624460828
YB1,-0.017268547267523564,TIGAR,-0.015712099140279327,HER3_pY1289,-0.0219828188657357,FASN,-0.02347909355132398,HSP27_pS82,-0.014897370795473291,Cytokeratin-19,-0.02907805555676747,Akt,-0.023344401413266633,HER3,-0.03362425414652233,PAI-1,-0.003052983224670236
Myosin-11,-0.017248556585075684,NAPSIN-A,-0.015657047951912015,CD49b,-0.02173831934267404,HIAP,-0.02324627305074947,MERLIN,-0.014846269086986741,Connexin-43,-0.02788454586816504,PKC-alpha_pS657,-0.02310738340170564,Gys,-0.033069937623711465,ERCC5,-0.0023438504920039386
Twist,-0.017171502289069475,Caspase-8,-0.015356317153092987,PYGM,-0.021210587560313264,Gys_pS641,-0.02303180797311869,XPA,-0.014781405474772859,p90RSK_pT573,-0.027533581061518927,B-Raf,-0.02195808027483599,PDK1_pS241,-0.032021009022399696,C-Raf,-0.002230335920252683
p27,-0.015998295559593898,CD49b,-0.015199085982374386,Tau,-0.021043319246638208,AR,-0.022491369762675455,PYGM,-0.014327683938195664,XRCC1,-0.027355832751987687,MDM2_pS166,-0.021367013563941096,GSK3-alpha-beta,-0.03167126132150668,Dvl3,-0.0018661903261576226
CASPASE7_CLEAVED,-0.015782454447960326,Jak2,-0.01506439904003569,PKC-alpha,-0.020498144312982115,AMPK-alpha,-0.022394070841295355,UGT1A,-0.014231855492979133,P38,-0.02719496853908093,ATM,-0.021136762100743983,INPP4b,-0.031221132038960805,DM-Histone-H3,-0.00063529197356953
TAZ,-0.014761448829953243,RBM15,-0.01456999339922618,BAP1,-0.020343684242976334,YB1,-0.021792518839692857,YB1_pS102,-0.01329972885806721,Rad51,-0.02617345636334973,p53,-0.021046541490569094,Bim,-0.030824863332619332,beta-Catenin,-0.00043803347771956746
STAT5-alpha,-0.013768668150622818,XPA,-0.014542795926157624,XIAP,-0.020321571825224545,Rictor_pT1135,-0.021542678895004747,14-3-3-beta,-0.01313889277177439,D-a-Tubulin,-0.02546811723508843,Myosin-11,-0.021020647252891045,MIG6,-0.030182471902644503,IRS1,-0.00023620482619039507
DM-Histone-H3,-0.013766266523486378,YAP_pS127,-0.014322359069933985,GPBB,-0.020140394929081498,Rb,-0.021156765473169376,PMS2,-0.012763541172247686,p27,-0.025157446189333778,Smad1,-0.020919009619074398,MERLIN,-0.029829797393621585,MSH6,0.00018548365309457442
Aurora-B,-0.013285126412059875,53BP1,-0.0137304620713619,XRCC1,-0.018713411503501035,PI3K-p110-b,-0.02103502416474126,Glutaminase,-0.011996287889432586,H2AX_pS139,-0.02494768817906378,DM-Histone-H3,-0.02018420338858113,H2AX_pS139,-0.029557850726980674,Connexin-43,0.0004565511609293286
Bim,-0.012835541327404233,Myosin-11,-0.013286471762295894,eIF4G,-0.018445575739768003,MERLIN,-0.020749462860750533,MSH6,-0.011841429527907236,FASN,-0.024354519206784563,IRS1,-0.019182141188885834,HIAP,-0.029516370922947704,Myosin-11,0.0005149201610627728
Cyclin-E1,-0.012625122094215723,Cyclophilin-F,-0.012870650268461438,14-3-3-beta,-0.01824123543305292,Caspase-8,-0.020552042644166803,Myosin-11,-0.011260361286499614,DM-K9-Histone-H3,-0.023151203774898266,IGF1R-b,-0.015812477856847616,YB1,-0.029035399097073537,Gab2,0.0007825172844296826
H2AX_pS140,-0.01230142524824507,c-Kit,-0.01221104534154643,ARHI,-0.01790502981798659,Stathmin,-0.019423141611235685,Smad1,-0.011016497810914915,Myosin-11,-0.022831756949527788,ADAR1,-0.015448867934444737,Rb,-0.02855813838112779,GSK-3b_pS9,0.0008250456035148901
E2F1,-0.011989346987828473,MEK2,-0.012062734009663229,p38-MAPK_pT180_Y182,-0.01780675591095084,Transglutaminase,-0.019390754073658378,Chk2_pT68,-0.010706877705255096,ADAR1,-0.022240882952091284,GSK-3b_pS9,-0.014931905943052659,Jak2,-0.02842040977778442,SDHA,0.0012006417854793755
YB1_pS102,-0.011868512894554234,Stathmin,-0.011591655087255945,ARID1A,-0.016387118728636695,Myosin-11,-0.019133080304959464,14-3-3-zeta,-0.009827611395368138,Gys,-0.021705535622981095,Vimentin,-0.014558231937556778,CXCR4,-0.026935688390626118,SHP-2_pY542,0.0019352776273580904
ATM_pS1981,-0.0115714904246292,Bid,-0.011264561123033708,Syk,-0.016163665073589725,Akt_pT308,-0.018763116958258875,Snail,-0.009103348435302262,GSK3-alpha-beta,-0.021002050314891264,PDK1_pS241,-0.012646632200815687,mTOR,-0.02615168093560428,TSC2_PT1462,0.002733913345169373
Hif-1-alpha,-0.011039057379474318,ATM,-0.011023975447387268,RSK,-0.01580466567502461,Histone-H3,-0.018621078970852183,ERCC5,-0.008326566665203702,14-3-3-zeta,-0.020965441085610454,Bcl2A1,-0.012541569374021419,FRA-1,-0.025497772257131825,ACC1_PS79,0.002906018660020401
Rb_pS807_S811,-0.010528801814595291,AMPK-alpha,-0.010499172802708942,Chk1_pS345,-0.015349875077295065,JNK_pT183_Y185,-0.018343177287739276,MEK1,-0.007957501245373096,ACVRL1,-0.02027408044087222,SOD2,-0.011796141892447123,FoxO3a_pS318_S321,-0.025228429500721516,IGF1R_pY1135_Y1136,0.0029809549958798765
GPBB,-0.010289480777118387,Lck,-0.010359427998317792,Beclin,-0.014782067225195258,Glutaminase,-0.01788617768502792,TSC1,-0.007787554736401068,SETD2,-0.017730046804904934,PARP-cleaved,-0.01148398197512919,CD26,-0.024852123288911825,ARID1A,0.003844203964459984
DM-K9-Histone-H3,-0.01023821355771904,PTEN,-0.009740398571388807,Connexin-43,-0.014172798084827246,GCN5L2,-0.01786671458119386,GCN5L2,-0.006671051629545559,Rab25,-0.017660265184888342,Chk2_pT68,-0.011286921115182874,CD49b,-0.024461890609965495,ADAR1,0.0040923963823224175
Smad3,-0.008965480645021198,Shc_pY317,-0.009662108097739019,PAI-1,-0.012134925719039012,IGFBP2,-0.01780134396096609,YAP,-0.005133587614254041,PRAS40,-0.016181654449995773,Src,-0.009708514287696281,Smad4,-0.020609393981045433,EGFR_pY1173,0.004487999701186832
14-3-3-beta,-0.008656482408247984,PDGFR-b,-0.009354086990698646,Smad3,-0.012035451781940106,CDK1,-0.017316170420171646,XIAP,-0.004932327624982449,eEF2,-0.015535743973475121,Fibronectin,-0.007355263501987681,MSH6,-0.02050124818425503,MDM2_pS166,0.005126255737063902
14-3-3-epsilon,-0.008377547809337168,Rock-1,-0.009305252019002085,SETD2,-0.011947400713808948,Complex-II-Subunit,-0.017311659066039414,CASPASE7_CLEAVED,-0.004855325001148101,CD49b,-0.015183318432426898,Rock-1,-0.00687761820792226,4E-BP1_pT37_T46,-0.020499662060345362,Smad3,0.005384481653820175
XPA,-0.008167388150075745,MMP2,-0.009274899709976194,HIAP,-0.011457529558321782,p16INK4a,-0.01725565737385397,N-Cadherin,-0.004727240502389029,JNK_pT183_Y185,-0.01284350172738036,A-Raf,-0.005805634032467764,XRCC1,-0.01876432536824722,Rictor,0.005705918318452184
MERLIN,-0.008068744685210573,ATR,-0.009067184569590995,Puma,-0.01126226755835052,GATA3,-0.017092380732436848,GSK-3b_pS9,-0.0045157903401982545,IGF1R_pY1135_Y1136,-0.012653598924166117,Bcl-xL,-0.005302166907231921,Rictor,-0.017565037565439933,mTOR_pS2448,0.006983845507774125
Puma,-0.007185266500474626,PI3K-p110-b,-0.008532234203192803,Aurora-B,-0.011182147960263329,Cyclophilin-F,-0.017045588362890014,Bax,-0.0033591248561470753,CD29,-0.01247862282425562,c-Kit,-0.0047754075121911104,Transglutaminase,-0.01664422341153499,PEA-15_pS116,0.007038580211598059
Glutaminase,-0.006885789522764373,YB1,-0.007577634846452155,JNK_pT183_Y185,-0.010906416836119608,SDHA,-0.016809861920164856,c-Kit,-0.00323924729935823,LDHA,-0.012150380054632119,NDUFB4,-0.004273062976582734,ACC1_PS79,-0.016107557118971008,Akt_pS473,0.007501976727258072
ARHI,-0.006701223561576968,AR,-0.007573334661380305,XPF,-0.010217232989715953,INPP4b,-0.01680718704968869,SDHA,-0.001969963512990704,Twist,-0.012027317370263763,p38-a,-0.004253231386076479,Porin,-0.01573125598064805,E-Cadherin,0.008029713331588448
RBM15,-0.006667625493936541,Porin,-0.006859759672916407,Rb,-0.010164317740698392,ATM,-0.016316934111564638,Gys,-0.0019307418816639703,CASPASE9_CLEAVED,-0.011897316967911313,JNK_pT183_Y185,-0.004231190203655891,Dvl3,-0.015439432200028714,Smad1,0.00869109287604778
p53,-0.006615095776890371,TSC2,-0.006624341293941336,XPA,-0.009928566995943196,MIG6,-0.016128750244437884,FRA-1,0.00012702327753988732,Tau,-0.011549284453768337,PARP1,-0.003303128301102346,STAT5-alpha,-0.014529055193592842,mTOR,0.009111325247251525
NDRG1_pT346,-0.006415320737866219,Glutaminase,-0.006600815717446411,b-Catenin_pT41_S45,-0.009470638459803043,eEF2K,-0.015836308983678722,CXCR4,0.0003684597255075116,MEK2,-0.011238512737312797,MIG6,-0.0031018445813870226,Complex-II-Subunit,-0.013929402620775452,p21,0.010259250135378064
Src,-0.0064087114491869065,EGFR,-0.0064376561057660825,SHP-2_pY542,-0.009358249847754642,Bax,-0.015556674828815087,P70S6K,0.0010589813472337447,mTOR_pS2448,-0.011207449220154648,INPP4b,-0.0030688169698626093,Paxillin,-0.013864295960621203,PKC-alpha,0.010501865258624154
Rad51,-0.005346770308557206,CMET_PY1234_Y1235,-0.006417077612616589,ACC1_PS79,-0.009012140923103821,ERCC5,-0.015379954659686184,Smad4,0.0011194780407190518,XPF,-0.01119261963291627,b-Catenin_pT41_S45,-0.003037981150181478,p27,-0.013695803510995279,N-Ras,0.011089660355649317
Cyclin-D1,-0.0052785913806634175,GPBB,-0.00637965609102273,Rad50,-0.008724103695572428,PR,-0.015185487922492552,PR,0.0014570249788776427,GSK3-alpha-beta_pS21_S9,-0.01080688274759783,MEK2,-0.0030278741924521344,PRAS40_pT246,-0.01316729481340065,CD26,0.011146932992023292
53BP1,-0.004461122504135393,Chk2,-0.006297407315449318,Chk2,-0.008474520304808265,HSP27,-0.014883215881358363,B-Raf,0.002398416714208739,Transglutaminase,-0.010757609387903832,Raptor,-0.0006344160883385856,PLK1,-0.012926325913472784,Stathmin,0.012321612687598434
TIGAR,-0.004264484267209981,b-Catenin_pT41_S45,-0.006289468994624765,Myosin-11,-0.008263245572771107,p27,-0.014855561122277653,C-Raf,0.003391391781258103,ERCC1,-0.01041974908146318,beta-Catenin,-0.0005840425462658168,53BP1,-0.01204160998563417,STAT5-alpha,0.012651569733195384
Chk2_pT68,-0.003802407272044816,Bcl2A1,-0.005936732960278008,YB1,-0.00814880695418454,Collagen-VI,-0.014588652903436215,D-a-Tubulin,0.0051205657534554245,Cyclin-E1,-0.009861237435109046,TTF1,-0.00037048684006645976,B-Raf_pS445,-0.011789170122458108,ATP5A,0.0133548354407031
PLC-gamma2_pY759,-0.00358504833209913,Chk2_pT68,-0.004960522027118671,GSK3-alpha-beta,-0.007963766727300944,PAI-1,-0.01448642937581549,NF-kB-p65_pS536,0.005548018668536808,Bcl2,-0.009711588434907716,Rad50,-3.518644872909716e-05,Bcl-xL,-0.011431537770171004,Rb_pS807_S811,0.014683702790535585
CD29,-0.00357821579163341,PLC-gamma2_pY759,-0.004446157946068746,IRS1,-0.007811903723456215,GSK3-alpha-beta,-0.013569133829494462,p38-a,0.005780244220726903,ATM,-0.00966331008765988,Snail,0.00042117282873194747,Syk,-0.01091227111157322,Annexin-1,0.014986334982327045
p27_pT198,-0.0034739650626002005,FAK,-0.00383652205142675,NAPSIN-A,-0.007693051409818563,Fibronectin,-0.013460397788255883,MIG6,0.005994034039707986,BAP1,-0.009514128047198317,Akt_pT308,0.0017631615289847254,GCN5L2,-0.010369089006453773,Rad50,0.01547974299100082
FoxO3a,-0.003130400250198972,c-Met,-0.003070748841452647,FRA-1,-0.007531850613313994,PARP-cleaved,-0.013362342156246175,RBM15,0.0065452686952578235,Mitochondria,-0.008911089906278022,BAP1,0.002916372569363843,PLC-gamma2_pY759,-0.01016493866610239,GSK3-alpha-beta_pS21_S9,0.01617361668984366
ATP5H,-0.0030145085492357376,p38-a,-0.0027497260209476304,Stathmin,-0.006986857625219625,NAPSIN-A,-0.013185789268043951,Rock-1,0.006593694821331349,HIAP,-0.008761096420839234,PEA-15,0.0038433142492196527,Cyclin-B1,-0.00960437365847739,XPF,0.017265182776523554
MSH2,-0.002754334085021894,ACC1_PS79,-0.002594826152696967,ATR,-0.006886761475836735,JNK2,-0.01286293807344822,14-3-3-epsilon,0.0071050011086449165,PR,-0.008680409539345716,Connexin-43,0.003931310589528567,XBP1,-0.009097087384632564,Porin,0.017561188342756644
p21,-0.0025587135473799957,Cyclin-B1,-0.0023299538909196836,Bid,-0.006669070600540026,Syk,-0.012691185149528671,Chk1_pS296,0.008181848312159047,c-Met,-0.007513648351286338,PTEN,0.00446434685686536,Stathmin,-0.008572252513135621,PMS2,0.017995624775931893
Tyro3,-0.002558112316975197,Raptor,-0.0021389147070048553,Rictor,-0.0053506635760390345,Src,-0.012409238112264909,Rb,0.00833237338133145,53BP1,-0.00680173327232633,GSK3-alpha-beta_pS21_S9,0.005625069456187833,ERCC1,-0.0080961985087886,Shc_pY317,0.018817723794753494
PAR,-0.002528334392704713,Cyclin-D1,-0.0020216272325249965,p27_pT198,-0.004657503147140504,PRAS40,-0.012185628636561105,Bid,0.008447804691541898,Rock-1,-0.005836696721751708,Annexin-VII,0.005802674939299603,Bcl2A1,-0.00789924326440088,PRAS40_pT246,0.019040683113115547
p90RSK_pT573,-0.002072120378030043,TFRC,-0.0017627842460600776,Cyclin-D1,-0.004391053181537419,HER3_pY1289,-0.01212743666907351,HER3_pY1289,0.008520870757908555,Ets-1,-0.005603687228056163,p90RSK_pT573,0.006174367056029192,eIF4G,-0.007872558737654831,PR,0.019083365782037787
TTF1,-0.0016825657753691665,XIAP,-0.0016745936957803399,CMET_PY1234_Y1235,-0.0038589778688751667,ARHI,-0.011925481279495559,Bim,0.009095374956119728,N-Ras,-0.005164049187573608,FRA-1,0.007557435544027834,Hif-1-alpha,-0.007481708956737861,Bax,0.01968209389130985
Bcl-xL,-0.0013330055707540226,Src_pY527,-0.0016340104505724597,c-Kit,-0.003040510630056365,Twist,-0.011624628039049718,mTOR,0.009300747507062664,Smad4,-0.004971310757907667,YB1,0.007594335917395174,CD44,-0.0073405565690248566,Bim,0.021049250782510635
c-Met,-0.0009191775878374791,4E-BP1_pT37_T46,-0.0016207434099378912,Chk1,-0.0026120499779458905,Gys,-0.011536430432796159,ACC1_PS79,0.010833469014203036,Lck,-0.004948830834889431,MEK1,0.007633989810852206,DM-Histone-H3,-0.007199040073444724,Src,0.021329490968050084
PEA-15,-0.0005143437784074261,MERLIN,-0.0012918499768437555,Raptor,-0.0012953968543754977,Raptor,-0.011310962476975097,Heregulin,0.010971864165845118,CD44,-0.0028765197276267823,Rictor,0.007828761531362792,IGF1R-b,-0.006985590849079559,MEK1,0.02134838464161525
CMET_PY1234_Y1235,-0.0001094179340781596,HIAP,-0.0011173591467625052,Rictor_pT1135,-0.001165060454671124,MEK2,-0.01070612321714474,FoxO3a,0.011800586853913187,EGFR_pY1173,-0.0027961299914768725,SETD2,0.007967895925931104,CDK1,-0.006931975304455882,Cyclin-B1,0.021786931888028663
Caspase-8,0.00029108352329740625,mTOR,-0.0010176338065467764,SF2,-0.00014707311797171335,SOD2,-0.010203299055425823,eIF4E,0.012654194391003728,Snail,-0.0021226964911730596,PAI-1,0.00907105853413467,ARID1A,-0.004993172340727054,PRAS40,0.022660461046976523
P38,0.0015726666480138463,p27,-0.0007676479312520198,SDHA,0.0007924248314088863,Smad1,-0.00971480469710367,TFRC,0.013503765091433554,Chk1,-0.001743379425291641,c-Met,0.00923168079418238,ADAR1,-0.004872988195009893,c-Met,0.02279386485503077
D-a-Tubulin,0.0019461738020871383,PDK1,-0.0006582431795365949,NF-kB-p65_pS536,0.0009311817162357269,4E-BP1_pT37_T46,-0.0096755012047984,HIAP,0.013593713491445588,PYGM,-0.0015264244399416517,p27,0.009480512465631568,FAK_pY397,-0.0045464565772497505,MERLIN,0.023653759850676363
FoxO3a_pS318_S321,0.0028542288768376744,HSP27_pS82,-0.000578443331568878,Chk1_pS296,0.0010472926175239766,P70S6K,-0.009381976957970897,eEF2K,0.014160316255126754,eIF4E,-0.00146055275769319,CXCR4,0.009632646625853964,GPBB,-0.004379816121341887,ATM,0.0239514404760798
N-Ras,0.003197890100970787,UGT1A,-0.0004754797261383871,MSH6,0.0014425460014788377,Cyclin-B1,-0.009318814887074943,Lck,0.014348642157775555,PEA-15_pS116,-0.0008208138297906364,XPF,0.011347614111632971,HSP27,-0.00280613265276964,AMPK-alpha,0.024654714288207442
p38-a,0.0033883008692813764,SETD2,-0.0003501704732236948,MEK1,0.001525771665500425,PTEN,-0.008593079673501758,S6_pS240_S244,0.01444592059589713,Stathmin,0.00017858960793713135,CASPASE7_CLEAVED,0.011700396167704038,PMS2,-0.0023099959428753334,Rb,0.024900100601593554
JAB1,0.0035331845251437882,Complex-II-Subunit,-1.905513612094386e-05,YB1_pS102,0.0023025521585831456,Smad3,-0.008319554810183745,XPF,0.01464085894043731,Bid,0.0006683602390577485,N-Ras,0.011995087778314338,TTF1,-0.0022732414012552197,4E-BP1_pS65,0.025334476959534308
MSH6,0.003974348915600683,PREX1,4.753787690540613e-05,ATP5H,0.0032649956821763386,TFRC,-0.008286474311994182,PKCBETAII_PS660,0.015319462084738882,eEF2K,0.0008516621552759455,PMS2,0.012213983190751829,FoxM1,-0.0022480751813394703,XPA,0.026251794879703645
EGFR_pY1173,0.004085173726060206,GCN5L2,0.0003748287971281597,PDK1_pS241,0.004066779195793457,CASPASE7_CLEAVED,-0.008004522217039654,H2AX_pS139,0.01584081658985236,ATR,0.0009107333198865456,Rb,0.01242934636485776,CMET_PY1234_Y1235,-0.002045440050451265,PCNA,0.026371278448372434
YAP,0.004271140435530124,Myosin-IIa_pS1943,0.0010700198551395522,GCN5L2,0.004126482859710431,Chk1_pS296,-0.007787084495662091,Fibronectin,0.01594757036817296,PKC-alpha_pS657,0.0019106300860655034,HER3,0.014059377351153375,ARHI,-0.0016561302523547619,Cox-IV,0.02722439906092525
Akt,0.0046278837104265,XBP1,0.0011454592459644484,Bim,0.0043331476105211006,ERCC1,-0.007732548336953428,4E-BP1_pT37_T46,0.01619055631972906,PARP-cleaved,0.0020463312925047706,AMPK-alpha,0.0141787185167781,Chk2,-0.0015882776314239376,Lck,0.028008619342536022
PRAS40_pT246,0.004757661517996451,YAP,0.0018224341590218497,FoxM1,0.005121161416650717,TTF1,-0.0077167898265013074,Annexin-VII,0.01752245641034106,Rab11,0.002142618127601965,Dvl3,0.01432724100452566,Mitochondria,-0.001507372191679205,IGFBP2,0.028107725765512598
Tau,0.0051654482745823165,C-Raf,0.0020131204745954786,FAK,0.0052729290814747904,D-a-Tubulin,-0.007574014687042353,PKC-alpha_pS657,0.01754974193727687,SDHA,0.003018230430622991,PDK1,0.014814226548119475,SHP-2_pY542,-0.001106115299082069,PDK1_pS241,0.028135502808185598
Paxillin,0.005203757347843368,Cox-IV,0.0023117660654938706,Bcl-xL,0.005851048313521321,C-Raf,-0.00724266019386371,ACVRL1,0.017984880227358526,PRAS40_pT246,0.00384797590690234,AMPKa_pT172,0.016700737510725525,Smad1,-0.0008812359540556655,H2AX_pS140,0.028291980982795967
PCNA,0.005341913763387725,H2AX_pS140,0.0023429425913690074,Dvl3,0.006170614228130554,p38-MAPK_pT180_Y182,-0.007079274005768502,Coup-TFII,0.01800952706203089,PTEN,0.003950731350439023,Bid,0.017130677753094195,A-Raf,-0.0007632842273137493,RBM15,0.028437977950557667
NF-kB-p65_pS536,0.00538962899533439,Chk1,0.002486919037434973,CASPASE9_CLEAVED,0.006171568562031321,ATP5H,-0.006851372104346053,Aurora-B,0.01854417374452797,PCNA,0.004172707152311659,MERLIN,0.01755381799426563,C-Raf,-0.00017685346148050407,FoxO3a,0.02847156525934022
MMP2,0.005587153400204944,p53,0.002754725446964974,TTF1,0.006400427394650468,DUSP4,-0.006608460367624288,YAP_pS127,0.01889111507010876,Smad1,0.004562010733454797,P70S6K,0.01785365685536006,PYGM,-6.449458579382895e-05,Hif-1-alpha,0.028516300918748197
Dvl3,0.005767258619900492,c-Jun_pS73,0.003163920268565422,PDK1,0.006560437031138914,PDK1,-0.005778302532505728,Rab11,0.01940009731183645,Src,0.004738315466082011,HIAP,0.018487259260911357,Chk1,0.0014630486351748916,HSP27,0.029071092027929523
Smad1,0.0061269212214356515,PEA-15_pS116,0.0032678228714283146,Smad1,0.007647389762983938,Snail,-0.0057503945749253094,p27,0.020090876183841037,VEGFR-2,0.006917408447827407,Chk1_pS296,0.019908413109022513,GSK3-alpha-beta_pS21_S9,0.0017255694656540704,SCD1,0.029658676238387003
Cox-IV,0.0063914188224558355,B-Raf_pS445,0.0037431868579695395,TSC2,0.007737493748408884,PDGFR-b,-0.005736157869322087,PTEN,0.0210274293555249,IGFBP2,0.00695156144222625,AR,0.020195767026029786,PARP-cleaved,0.0019060551474016428,NDUFB4,0.029665023321863455
CDK1,0.007198327725740489,IGFBP2,0.003948968963257494,Fibronectin,0.008194601323490319,B-Raf_pS445,-0.005467766980987647,ERCC1,0.02136179976061846,b-Catenin_pT41_S45,0.0071747031553145955,MMP2,0.02034743356726625,SDHA,0.0019373599031329183,BAP1,0.030572336490099265
4E-BP1_pT37_T46,0.007336338709551189,Mcl-1,0.00426171818314682,c-Jun_pS73,0.00863153299161101,Cyclin-E1,-0.005420167607866731,A-Raf,0.0216656848720172,CASPASE7_CLEAVED,0.0073737309352952755,Rictor_pT1135,0.020822427664770982,Rad51,0.002031431280565723,PLC-gamma2_pY759,0.030724602391314765
JNK_pT183_Y185,0.007674574727442929,A-Raf,0.0046001460558840555,beta-Catenin,0.009139896241850435,FRA-1,-0.005064570191096445,STAT5-alpha,0.022182091001870626,GCN5L2,0.007392227391966172,A-Raf_pS299,0.021056663579776008,YAP,0.0025283447986274256,TIGAR,0.03127781760908766
HIAP,0.007982569851531719,ERCC1,0.004650509730392233,Bcl2A1,0.009223085001617028,PCNA,-0.004924004399867584,TTF1,0.02314624251001508,C-Raf,0.008314285280019722,PR,0.021192990490089988,YAP_pS127,0.0026769329298719823,Rab11,0.031464269414843954
ERCC1,0.008035609249537192,EGFR_pY1173,0.004759675340316726,Cyclophilin-F,0.009279066304330282,Rab25,-0.004216840962192318,Vimentin,0.023523807677765806,Chk2_pT68,0.008436229951917519,CASPASE9_CLEAVED,0.021589074005901758,Rad50,0.002750388668430686,Snail,0.03171098228881267
LDHA,0.008301955075217197,beta-Catenin,0.004875259227175527,PMS2,0.009343594108591292,Shc_pY317,-0.00410208091099159,SETD2,0.02368226163457502,E2F1,0.00858953248900173,p38-MAPK_pT180_Y182,0.02166782356911179,Annexin-VII,0.0038653644752260625,PDGFR-b,0.0317644399490745
PRAS40,0.008425191461634628,p21,0.004882178688453461,C-Raf,0.009439447551065298,CMET_PY1234_Y1235,-0.004053653524403961,4E-BP1_pS65,0.02413577499029583,E-Cadherin,0.008842595929760506,ARHI,0.02233831101718486,HER2_pY1248,0.00394562348553876,Notch1,0.03241179940913656
Chk2,0.00868759309371394,HSP27,0.005044827370270928,Shc_pY317,0.009884759894152174,eIF4E,-0.003908475317832323,ATM,0.024511325755519193,Porin,0.008881933713830826,STAT5-alpha,0.022480861171676372,Collagen-VI,0.0052278097812251696,GCN5L2,0.03243882451594819
FoxM1,0.00932783582826324,STAT5-alpha,0.0060870111827538735,p27,0.010280139274957132,YAP,-0.0037398762209690534,Bcl2A1,0.024698005669336547,ACC1_PS79,0.009609165240656758,ACVRL1,0.022695926421799188,ATP5H,0.005588310619520982,ACC1,0.034592823995337786
MEK2,0.009449888201555096,Beclin,0.006204416318463604,Glutaminase,0.010281233086110236,c-Met,-0.003729611898206604,ADAR1,0.024875849885601417,P70S6K,0.010369985852953921,RSK,0.02270907573634492,PAR,0.005941770792495371,14-3-3-epsilon,0.03486350011163031
Notch1,0.009504283797948902,DM-Histone-H3,0.006387709684494635,Paxillin,0.010321680053212011,NF-kB-p65_pS536,-0.003523353990839662,PARP-cleaved,0.025546099262495084,FRA-1,0.01078528368315707,Aurora-B,0.02369170570778468,DUSP4,0.006265793104151114,INPP4b,0.03530162778404373
ADAR1,0.010122350011391338,RSK,0.006498204719626012,Jak2,0.010760311251954199,YB1_pS102,-0.0034805495062065163,HER3,0.02584745310105378,p53,0.010808958450172618,Annexin-1,0.024283322960713463,PAI-1,0.006647023063239046,JAB1,0.03545861085187786
B-Raf,0.01082268154508537,PYGM,0.006648813470533744,PRAS40,0.010883224247045312,FAK,-0.003149522527807503,PDK1,0.026270257047285864,PDK1,0.0114046860756575,Ets-1,0.024783157650595782,PKCBETAII_PS660,0.007039094008294705,Pdcd4,0.03579301508748575
4E-BP1_pS65,0.010928917029110757,N-Cadherin,0.007227386673572831,eEF2K,0.011329557035860222,Mitochondria,-0.0028452505658116997,MDM2_pS166,0.027147525636132135,B-Raf,0.011445871356368214,C-Raf,0.02524345906836427,Fibronectin,0.008630376250264383,XRCC1,0.03622657243193295
ATR,0.010958410142761447,Snail,0.007422706851701121,mTOR,0.012318266798272744,Chk1,-0.002013442671879036,Chk1_pS345,0.027344154978275723,TSC2,0.011452264910410966,Cyclophilin-F,0.025485587515484694,Coup-TFII,0.009361390192335565,eEF2K,0.03713788383830027
Raptor,0.011265363462473995,Bax,0.007626913021674546,AMPK-alpha,0.01259214859022531,MSH6,-0.0018029203805750807,Stathmin,0.027671784828324206,Bax,0.011473315705483548,NF-kB-p65_pS536,0.02574906027095684,14-3-3-epsilon,0.00958784001380497,4E-BP1_pT37_T46,0.03728075021408298
C-Raf,0.011455038018315862,ATP5H,0.007942522869751004,MMP2,0.012630378870420534,Rock-1,-0.001512064554749338,N-Ras,0.027719626802340643,Heregulin,0.01196226467284719,Puma,0.026141076237153955,RSK,0.00978283692684372,p38-a,0.03737521127564228
BAP1,0.011618846958019707,Dvl3,0.008068536939490376,Gys_pS641,0.013068155409946016,MMP2,-0.0012228434426705022,A-Raf_pS299,0.0278900913470105,YAP,0.013710282643138295,FoxO3a,0.02711013442056184,TSC2_PT1462,0.010621941270079501,CD49b,0.03964803029642273
CD26,0.011954598713418066,Connexin-43,0.008423155224531907,MDM2_pS166,0.013154443336626936,Annexin-VII,-0.0007322105222198378,NDUFB4,0.02795891606007546,Raptor,0.014436159136836865,EGFR_pY1173,0.02806597162411822,ATM_pS1981,0.010841111277321057,p53,0.04032386961492639
MDM2_pS166,0.012305897354349477,Chk1_pS345,0.008666863365984904,CDK1,0.013472459598627034,ACC1,-0.0006016526314617609,Hif-1-alpha,0.028316427340149202,PAI-1,0.014994379967757597,14-3-3-beta,0.028140501064877428,Gys_pS641,0.011336376103551758,B-Raf,0.04049057615848738
PI3K-p110-b,0.012380970237788868,ARHI,0.009006418479365383,HSP27_pS82,0.013521363773464088,EGFR_pY1173,-0.0005272572014282551,FAK_pY397,0.029168680743892728,Bcl-xL,0.015835082704444774,Twist,0.02836337702130191,MDM2_pS166,0.011791863754153978,Caspase-8,0.040844062444251074
Rab11,0.012464797392730237,Src_pY416,0.010297007367889063,IGF1R-b,0.013526151526605102,Bcl2A1,-0.0004650248118823251,c-Myc,0.030077379785722873,GAPDH,0.016276565476982613,Mitochondria,0.028510628417268463,p53,0.012404150320964655,Chk1_pS296,0.04132047366627732
YAP_pS127,0.012492571554940868,H2AX_pS139,0.010378374098856422,Annexin-VII,0.0138619234478647,E2F1,-0.00031554939676413986,GSK3-alpha-beta_pS21_S9,0.030560393896575153,Rictor_pT1135,0.016463371293157326,PRAS40_pT246,0.028638442150841156,H2AX_pS140,0.013584486639103962,FASN,0.04155599049354413
A-Raf_pS299,0.013240911109670983,CASPASE7_CLEAVED,0.010551773928626955,Lck,0.013865018746841115,SETD2,0.0006727562564308867,Chk2,0.03061244510456366,Vimentin,0.016755777096507832,CD26,0.029705669157386667,eEF2,0.014473757540628253,ATP5H,0.04266169617792997
eEF2K,0.01363652139205549,YB1_pS102,0.011327015459356743,eEF2,0.015305540687415763,E-Cadherin,0.0008705957342498047,Rictor,0.031090827731788846,Akt,0.01704383970024689,N-Cadherin,0.030194063220986694,Caspase-8,0.01568381489741909,Myosin-IIa_pS1943,0.04327209527369656
CASPASE9_CLEAVED,0.013684973759854262,eIF4G,0.011409673679581294,DM-Histone-H3,0.01568835876668753,DM-Histone-H3,0.0009337340359821495,BAP1,0.031093881031866874,H2AX_pS140,0.018009350823439654,PI3K-p110-b,0.03093370008153038,JNK_pT183_Y185,0.015839011406221768,YB1,0.043504034818000394
b-Catenin_pT41_S45,0.014506648918516477,Heregulin,0.011694999778483449,4E-BP1_pT37_T46,0.018490725432677733,Hif-1-alpha,0.0009934942885146145,JAB1,0.03281580244407044,Rb,0.018545154436550523,Chk1_pS345,0.03162679465484933,Shc_pY317,0.016152533997337955,FoxO3a_pS318_S321,0.04359174660420198
PLK1,0.015264684769725836,S6_pS240_S244,0.012361562734732705,GATA3,0.018533338501964185,b-Catenin_pT41_S45,0.0016657195214061023,Caspase-8,0.03285927633351426,NDUFB4,0.019432847850969503,YAP,0.03188844513497349,Smad3,0.017889896872201216,CXCR4,0.0450304371617066
XRCC1,0.015578590326534398,A-Raf_pS299,0.012608510751968992,Mitochondria,0.01866224569154331,p38-a,0.0017259764046089786,RSK,0.03484376573038908,MSH2,0.020546795020846168,XPA,0.03219111468011509,Ets-1,0.018747120790237826,53BP1,0.04536254330369855
Annexin-VII,0.015596714276271736,D-a-Tubulin,0.012622170011353556,PEA-15,0.018786438357458204,BAP1,0.0018720171731787041,p16INK4a,0.03519563858877941,Smad3,0.02078714625612295,H2AX_pS140,0.03254336856022997,14-3-3-zeta,0.019698749419388765,JNK2,0.045443104939743365
VEGFR-2,0.015597657164244392,CXCR4,0.013061893007811682,Gab2,0.018910953566364717,Rictor,0.0019262629486183423,GPBB,0.0361137840589671,MERLIN,0.021348702206310403,Notch1,0.032836515615807166,Myosin-11,0.019802653685226042,HER3_pY1289,0.046352359470428255
Porin,0.0157528090641458,Src,0.013774839020480541,Myosin-IIa_pS1943,0.019221274829430805,IRS1,0.001982631127987186,ACC1,0.03625691289844063,SF2,0.02146668858902622,GCN5L2,0.033481561476029306,Cox-IV,0.019808629822525334,CD44,0.04761849482065716
eIF4E,0.01612257005408032,SF2,0.014514370266264884,MEK2,0.020698566956931858,MDM2_pS166,0.0024485387994967927,CD44,0.036294910111242286,mTOR,0.02265764656939247,Heregulin,0.0345584749434329,mTOR_pS2448,0.021650133166150293,PI3K-p110-b,0.047815738766804325
GSK3-alpha-beta,0.016569007681648155,P38,0.014532147482265856,PLK1,0.02094060755604811,A-Raf_pS299,0.002854781111492073,Src_pY527,0.03642362682878279,Bcl2A1,0.023215300448535824,PCNA,0.034690684052789265,Rock-1,0.021661291495371292,PARP-cleaved,0.04787176657142097
JNK2,0.01674573559337967,MEK1,0.014721660943992873,Notch1,0.02123492654092196,TSC1,0.0030109979548421004,PKC-alpha,0.036583056767052896,Mcl-1,0.023435675409571203,ATM_pS1981,0.03469413049339047,SCD1,0.02177313566799018,H2AX_pS139,0.04853558443013952
SCD1,0.017486042761450667,PKC-alpha_pS657,0.014970551316553709,53BP1,0.021414350843592403,CD26,0.0035958028472262205,XRCC1,0.03786076967237387,Cox-IV,0.024271915215708956,CD49b,0.03560719466700422,JAB1,0.022180532424839555,Cyclophilin-F,0.048565595698269855
Rictor_pT1135,0.018790854009375205,ARID1A,0.015241663453877986,INPP4b,0.02167712889419778,IGF1R-b,0.0040060643683636045,MMP2,0.038215220999406795,SOD2,0.02427234659650539,UGT1A,0.03565637444344807,MSH2,0.022935889901339594,N-Cadherin,0.04920123300570618
ATP5A,0.01924210680697733,Rb,0.016108722590396116,Caspase-8,0.022432945940808358,Jak2,0.0045523688752135555,MEK2,0.03843151074099929,CMET_PY1234_Y1235,0.024354981308978813,FAK_pY397,0.03622920733513446,E2F1,0.024474593563585587,VEGFR-2,0.049840208946978104
Smac,0.01952689781420516,PDK1_pS241,0.01618794027184315,Snail,0.02257018930458079,B-Raf,0.004741831712793082,IGFBP2,0.03843513558514739,IRS1,0.024383320120482454,SHP-2_pY542,0.03660244720221093,PD-L1,0.025165414622322545,MMP2,0.05000055102577786
Mitochondria,0.019706754556871656,TSC1,0.01644598442829078,Smac,0.023116062711052047,Coup-TFII,0.005704649258861081,ATM_pS1981,0.03845834318603591,MEK1,0.025108207737524677,ATR,0.036741967293702174,Aurora-B,0.02519127653043953,ATM_pS1981,0.050209007965328144
PMS2,0.021655396785054414,mTOR_pS2448,0.016638453702956482,E-Cadherin,0.02318130983457619,TSC2,0.00614255677361492,DM-K9-Histone-H3,0.03854104600407084,TTF1,0.025388563277526196,XIAP,0.03679627631074422,Chk2_pT68,0.0266032747158987,Complex-II-Subunit,0.05092590961818652
Rab25,0.022433247944099375,Rab25,0.01680361838404834,MERLIN,0.024030385970285704,HER3,0.00618936088227618,PDK1_pS241,0.039757869650522366,A-Raf,0.0269721926541086,ERCC1,0.03745333464591914,PCNA,0.02679603876874629,ATR,0.05128552508992
eIF4G,0.022497676908432237,eEF2,0.01872745246563374,GSK-3b_pS9,0.024045827645393536,PRAS40_pT246,0.007346111350136548,Src,0.04115687460418195,beta-Catenin,0.027202801402822205,GSK3-alpha-beta,0.0384758271572856,PREX1,0.027361338505671618,Cyclin-E1,0.051615628137747095
Rictor,0.02260723261459927,Bim,0.019703075374538238,Bax,0.025109864113898643,PKC-alpha_pS657,0.007411949075668492,CD49b,0.04148505691317791,FoxO3a,0.02724949624644297,FoxM1,0.040380400988062476,p16INK4a,0.027542530359419098,p27,0.052822070842995
TSC2,0.022613522041030957,ACVRL1,0.01986969831674198,TIGAR,0.025818817838588637,Mcl-1,0.008037237868346142,H2AX_pS140,0.04189602111864869,SHP-2_pY542,0.02783490556059297,MSH2,0.04283328522126842,Cyclophilin-F,0.027762647001327734,Gys_pS641,0.053307604375523274
PDK1,0.023265490219961733,PR,0.02142540224864861,c-Myc,0.025836052096564047,STAT5-alpha,0.008956680268901345,mTOR_pS2448,0.042620136137171326,CD26,0.028548025879962774,Cytokeratin-19,0.04336784929492238,14-3-3-beta,0.02778001258317551,MIG6,0.053789471610483953
PTEN,0.023429982994362566,FoxM1,0.021578413649151744,B-Raf,0.02754567319282976,GAPDH,0.009316897349410554,b-Catenin_pT41_S45,0.04264795467044691,ARHI,0.029690781391374405,Cyclin-B1,0.044279542848888194,c-Myc,0.028095693299867417,Chk2,0.05599653561028984
Cyclin-B1,0.024799882978876708,DM-K9-Histone-H3,0.021792342552948697,ACC1,0.027776182634481575,Bim,0.009650036984654753,Akt_pT308,0.04338793882695085,ERCC5,0.029762444199700512,eEF2,0.04478349375649889,FAK,0.028154165427547867,c-Myc,0.05631820559179114
PKCBETAII_PS660,0.025186024751928847,IGF1R_pY1135_Y1136,0.02229638491124293,Tyro3,0.02935711202898407,c-Myc,0.010195052667501647,Notch1,0.04427151261004081,Syk,0.029829417585279072,eEF2K,0.04571326912771239,MEK2,0.028376276021112763,CDK1,0.0568238011939068
mTOR,0.025990481924388586,TTF1,0.023574820664955805,Cyclin-B1,0.030221912260219592,GPBB,0.010775938885489552,MSH2,0.04582443188383796,CXCR4,0.0301937485156143,PEA-15_pS116,0.04628095706805208,ATM,0.02877231983247445,PREX1,0.057068063977572824
Mcl-1,0.027852355942436378,Annexin-1,0.024449315905073286,PKCBETAII_PS660,0.030827840253356477,VEGFR-2,0.011804542225353423,Cyclin-E1,0.0460299913189574,YB1_pS102,0.030709623097914755,Cox-IV,0.05130318494792292,PEA-15,0.028922551794445146,CD29,0.057522263395522306
Rad50,0.02794087062236069,Gys,0.02557875472612603,NDRG1_pT346,0.031248169577802774,4E-BP1_pS65,0.012120015746558572,E2F1,0.046780868752955,HER3_pY1289,0.03102125785186981,PLC-gamma2_pY759,0.0519754670553922,beta-Catenin,0.02942869445965973,Bcl2,0.05849963270452502
XIAP,0.028596568195542314,N-Ras,0.026727858639906885,Complex-II-Subunit,0.03143091215807301,IGF1R_pY1135_Y1136,0.012581329666096548,FoxM1,0.04832751545874957,Dvl3,0.03136343160330322,FAK,0.05431379610958909,p27_pT198,0.030193359644839338,E2F1,0.058817712720065196
MEK1,0.02891748451753529,ATM_pS1981,0.02691061379776444,Transglutaminase,0.03145717495883438,ARID1A,0.013229282426186458,SOD2,0.05033412946242508,Cyclin-B1,0.03310762440544672,Smad4,0.05460504455583733,YB1_pS102,0.030463677328872698,Paxillin,0.06059872862887169
PDK1_pS241,0.02933523843105559,Tau,0.02839979389145198,ERCC1,0.031477802898447746,53BP1,0.013565423325377966,AMPKa_pT172,0.05309041315172587,AMPK-alpha,0.03366263252379011,GPBB,0.0548232753514927,IRS1,0.03068667748657919,ERCC1,0.061267349521655766
Gys_pS641,0.02953329549534447,CD29,0.028581229537643534,Rock-1,0.03208527160598664,FoxO3a_pS318_S321,0.013782198470605519,E-Cadherin,0.05346340870314629,Annexin-VII,0.03423025308397151,PRAS40,0.0549884200081227,TIGAR,0.03192197543660906,Bid,0.06165091483067003
Src_pY527,0.030148426001107044,ADAR1,0.028672642272679565,FoxO3a_pS318_S321,0.03280337977361053,CXCR4,0.013965960859901566,Rictor_pT1135,0.053532204622821024,Akt_pS473,0.034232575444339074,Bim,0.05547000901015114,EGFR_pY1173,0.03265427924904444,Annexin-VII,0.06244207278366363
Coup-TFII,0.03038621477858461,TSC2_PT1462,0.02891007000233139,RBM15,0.03414817092195462,Gab2,0.01397149743430767,c-Met,0.05543787977690636,PDK1_pS241,0.03474571462396356,ATP5H,0.05578873957433954,XPA,0.034441458832405784,PYGM,0.06270093321502015
Gys,0.03250651734662283,PLK1,0.029564868031798742,p70-S6K_pT389,0.035671590553821374,ATR,0.014648751300161293,ATR,0.05589393970018501,NAPSIN-A,0.035649058814376376,Tyro3,0.056118780921981075,Glutaminase,0.03618359602178382,TSC1,0.06293710231914298
beta-Catenin,0.033110516519960546,PAR,0.030482488243100125,mTOR_pS2448,0.03701962860486549,p27_pT198,0.014784101547909736,CD29,0.056331950494818275,Bim,0.03754469195801347,Rab11,0.05762728162305893,Vimentin,0.03720621861332498,SF2,0.06361566294821971
GSK-3b_pS9,0.033306403350460256,XPF,0.03173538959411344,IGFBP2,0.0373864946415851,A-Raf,0.01682695509482213,CD26,0.056426913656318585,GPBB,0.039639564207079814,Transglutaminase,0.05825353988548708,b-Catenin_pT41_S45,0.03839062877877978,RPA32,0.0643298852544942
HSP27,0.037119298800377606,Cyclin-E1,0.031995516040828516,p53,0.037807761764557114,Cyclin-D1,0.018076440409572028,Twist,0.05680455356693933,FAK,0.040695276507158464,EGFR,0.05894730438205151,NDUFB4,0.03845121709014053,IGF1R-b,0.06548774468102679
mTOR_pS2448,0.03727394807142457,Twist,0.03427032558137234,P38,0.03945712045297119,Myosin-IIa_pS1943,0.02040428238857645,Porin,0.056854940699362866,4E-BP1_pS65,0.04071599236485368,Chk2,0.05971317672856693,Raptor,0.03947541996005272,ACVRL1,0.06650924815013481
p16INK4a,0.03737595449183579,Histone-H3,0.03465425010611249,S6_pS235_S236,0.040195374017916854,FoxM1,0.020621654638051382,Annexin-1,0.05685752835524048,HER2,0.04245206473839605,E2F1,0.06110535743736755,Rictor_pT1135,0.039628874227571685,Smad4,0.06717679248609641
B-Raf_pS445,0.03789116253664729,NDUFB4,0.03491288081588197,Rb_pS807_S811,0.04037820778369098,HER2,0.021302737469863504,Bcl2,0.05695309792570231,FoxM1,0.045321798777183564,IGF1R_pY1135_Y1136,0.061213640168747925,ATP5A,0.04207304516864816,p16INK4a,0.0680445935372991
GAPDH,0.0398925899207173,E2F1,0.035137391464279036,TFRC,0.041338065659054894,NDRG1_pT346,0.022012891361303685,ATP5H,0.05736538975125836,p27_pT198,0.046267408969515665,Rb_pS807_S811,0.061660148729556656,Mcl-1,0.04216463864991635,TSC2,0.06853794803610748
XPF,0.042206930249576724,ACC1,0.03525558085398537,Rab11,0.04201333754497004,Stat3_pY705,0.022060299894879513,Tyro3,0.060211833427437425,TSC1,0.04737808783028784,Bcl2,0.06221616394595289,BAP1,0.04222597690008016,PLK1,0.06888163337574564
GATA3,0.04245423402526296,4E-BP1_pS65,0.03529016474909208,TSC2_PT1462,0.04268434927181814,p53,0.022161740181597746,ARHI,0.06058020685623128,STAT5-alpha,0.04803578405693955,Porin,0.06363224092395693,G6PD,0.042668377072115474,Jak2,0.06986433965641486
Stat3_pY705,0.04407015658810073,Rad51,0.03625295536434371,Ets-1,0.04427884446126643,HER2_pY1248,0.02372285045988316,S6_pS235_S236,0.06080919522495522,MSH6,0.048078995500988986,MSH6,0.06566011691060394,HER3_pY1289,0.04422923827030766,PKCBETAII_PS660,0.07022506659845594
A-Raf,0.04503839279110004,Smad4,0.038410507339348386,STAT5-alpha,0.046952303508997595,CASPASE9_CLEAVED,0.02407519828361202,AMPK-alpha,0.061178974443543366,Coup-TFII,0.05028550398445961,H2AX_pS139,0.0666090961360957,N-Ras,0.04433922493086275,P38,0.0710153254398971
GSK3-alpha-beta_pS21_S9,0.04931115993891562,PKC-alpha,0.038883256543512615,c-Met,0.04872279200525604,PEA-15,0.02695404962884352,Rad51,0.06479804928683765,NF-kB-p65_pS536,0.051119904571249625,TAZ,0.06800202197460158,PKC-alpha,0.044514149115464446,PTEN,0.07121799233119849
TFRC,0.05091162927369046,PARP-cleaved,0.03989226139522438,S6_pS240_S244,0.049865505340350516,Notch1,0.02900537382293191,p90RSK_pT573,0.06588307779604073,Jak2,0.05460923854977363,Chk1,0.07355742636868558,D-a-Tubulin,0.04550423722782709,Gys,0.07246512228473215
ACC1,0.05228909357897463,Rictor_pT1135,0.043330524606151936,eIF4E,0.0508118885820972,14-3-3-zeta,0.030066402251186626,Connexin-43,0.06965042270338427,Histone-H3,0.055379619375809035,Src_pY416,0.07357698572642375,TSC1,0.04622184508842505,Chk1_pS345,0.07261379998399627
S6_pS240_S244,0.05306957447615557,Tyro3,0.04362334241942443,4E-BP1_pS65,0.050837553539743154,PMS2,0.03023144912606889,Transglutaminase,0.06994359305155509,ARID1A,0.057365333457350544,CD44,0.07480410995662294,CASPASE7_CLEAVED,0.04639320951106467,PARP1,0.07371148433439954
INPP4b,0.05527607325964662,MDM2_pS166,0.044378306597365955,CD26,0.052334070965041606,XRCC1,0.03264852019822342,NDRG1_pT346,0.07007143703828511,RSK,0.058284743473801304,CD29,0.0760480833714106,ACVRL1,0.04672682229339239,Tyro3,0.07587037385301694
SHP-2_pY542,0.056447510099123105,MSH2,0.04580366544866013,B-Raf_pS445,0.05982295117700564,PEA-15_pS116,0.03354020707369023,TSC2_PT1462,0.07022575256663283,Hif-1-alpha,0.058466562714331705,JAB1,0.07662295569062393,RPA32,0.049027516260312515,Rad51,0.07644726477102641
AMPK-alpha,0.05698433977848441,PKCBETAII_PS660,0.047537022988009194,PRAS40_pT246,0.06296914369045624,p21,0.033594504897047225,Rad50,0.07090578184810206,Claudin-7,0.05932196306013374,XRCC1,0.07852357959318446,Chk1_pS296,0.05071485749260688,Twist,0.0781818051580669
HER3_pY1289,0.05877730482994162,ER-alpha,0.050716814676518236,Collagen-VI,0.06458824968203215,SHP-2_pY542,0.036058620682273834,Syk,0.07105671007594729,MMP2,0.05942164151283562,Rad51,0.0801121520585227,Myosin-IIa_pS1943,0.053291111132058075,Heregulin,0.08121931667695985
P70S6K,0.0615656482197616,GSK3-alpha-beta,0.05074802080666525,GSK3-alpha-beta_pS21_S9,0.0646541068197645,XIAP,0.04230017470480895,PRAS40,0.07216883731597042,Rictor,0.06041372320711807,CDK1,0.08107407232019884,UGT1A,0.05423313390023445,SOD2,0.08369103319521701
FAK_pY397,0.06618653829061841,Bcl2,0.051840132182876704,MIG6,0.06479242094667088,Aurora-B,0.04767082975443235,INPP4b,0.0723111078032716,Notch1,0.06078957485579678,TSC2_PT1462,0.08166706934992841,PI3K-p110-b,0.05923794443735234,NAPSIN-A,0.08730360349267068
ER-alpha,0.06701239089717029,FoxO3a,0.05191639362961141,RPA32,0.06682446617246425,Rab11,0.05121906886077598,PDGFR-b,0.07253255407427625,YB1,0.06257176024509656,Stat3_pY705,0.08309761991349063,DM-K9-Histone-H3,0.06293784951425668,Collagen-VI,0.0880754980621201
MAPK_pT202_Y204,0.06756646790127309,CD44,0.05499781444557524,HSP27,0.0727543976879267,ER-alpha,0.055659333995147324,Rab25,0.0732453801464194,A-Raf_pS299,0.0635081460237792,Syk,0.08597483162677132,Pdcd4,0.06299165930369638,eIF4G,0.09125694251009848
Akt_pT308,0.06904934079360481,Vimentin,0.05538155181250009,p38-a,0.07418475111050662,XPA,0.057120841334395774,Cyclin-B1,0.0740782126130894,Collagen-VI,0.06445178517663327,JNK2,0.08658722625725737,Akt,0.0644371960600712,eIF4E,0.092858344057477
Shc_pY317,0.0739948525361413,Collagen-VI,0.05573004165138846,PTEN,0.0752311711995806,S6_pS235_S236,0.05769393504280808,PAI-1,0.07574851164953135,MDM2_pS166,0.06525613780173312,YAP_pS127,0.08772509861089794,GSK-3b_pS9,0.06471949243370687,Chk1,0.09394041147800027
HSP27_pS82,0.07991512802564776,JAB1,0.057442955189500815,LDHA,0.07667072627712557,YAP_pS127,0.05870473740957526,p53,0.07967349973225357,Rad50,0.06656341399639956,Cyclin-E1,0.0879226796675062,CASPASE9_CLEAVED,0.0657021228474907,PD-L1,0.1028078079137508
p70-S6K_pT389,0.08084750842870407,14-3-3-epsilon,0.05865872165284207,p21,0.07861381428842022,p70-S6K_pT389,0.06011795108091329,Mitochondria,0.08386259458669015,MAPK_pT202_Y204,0.06738888568940542,c-Myc,0.09425481625359527,Histone-H3,0.06610926337165704,B-Raf_pS445,0.10368987731795484
HER3,0.08975467855356853,PARP1,0.059325231932674485,p16INK4a,0.0797565829553306,c-Jun_pS73,0.06136234925920725,Cyclophilin-F,0.0886059949304102,PMS2,0.06934470100624378,XBP1,0.09641666845350028,Smac,0.06925799401998571,Src_pY527,0.10808345598368391
S6_pS235_S236,0.09207612971337215,p27_pT198,0.059733364530862636,Src_pY527,0.08566196927108966,S6_pS240_S244,0.06307339603188486,PI3K-p110-b,0.09074400937306229,HER3,0.06954173207835099,RPA32,0.09672038294856848,NDRG1_pT346,0.07020106353342863,SETD2,0.11083710438577306
DUSP4,0.09491987410829945,PD-L1,0.06259405163047402,Stat3_pY705,0.08870547328486707,14-3-3-beta,0.07862302040119891,GAPDH,0.09075267000432122,14-3-3-epsilon,0.07507541535276277,Beclin,0.09861184898206721,VEGFR-2,0.0751069409973697,p38-MAPK_pT180_Y182,0.11135634650167256
ERCC5,0.10001104276021214,Hif-1-alpha,0.07293103235633434,14-3-3-zeta,0.09414047827078813,Akt_pS473,0.0889091637059476,Cox-IV,0.09297247334944735,c-Jun_pS73,0.07742310574908971,Shc_pY317,0.10083813694774403,TFRC,0.0902019521307105,PKC-alpha_pS657,0.11645550110548457
Cytokeratin-19,0.1019508555822572,Coup-TFII,0.07345510942760432,PKC-alpha_pS657,0.09488582473955642,Smac,0.09717180945203145,RPA32,0.09312939090808935,TFRC,0.08116757110825633,Hif-1-alpha,0.1242334727559263,Caveolin-1,0.10189665125029775,S6_pS240_S244,0.12481826760260337
Myosin-IIa_pS1943,0.10277505450192591,FASN,0.09615405506620824,AMPKa_pT172,0.10373783526683952,eIF4G,0.1076061601176649,MAPK_pT202_Y204,0.0997611918431703,Smac,0.08520519805149894,Akt_pS473,0.12576420785492784,Akt_pT308,0.10311701122241643,S6_pS235_S236,0.1263883280091952
Akt_pS473,0.11258382084112917,S6_pS235_S236,0.09792646273246167,JNK2,0.10561688369986416,EGFR,0.11413533974987033,PLK1,0.10251759324911783,XPA,0.08721605692566414,G6PD,0.12627479506042635,LDHA,0.11918145969354535,HSP27_pS82,0.12769475558439994
Syk,0.11388890204990545,GSK3-alpha-beta_pS21_S9,0.0985676495398475,SOD2,0.10744909848417171,Cytokeratin-19,0.11605950597984321,Chk1,0.10410010692151707,DUSP4,0.10837126963490092,LDHA,0.12787851569903524,Annexin-1,0.12479026345898879,AR,0.1299125889851328
G6PD,0.12476622820356285,GSK-3b_pS9,0.10047066985475801,ATP5A,0.11537521072935014,Beclin,0.14442510131489827,p70-S6K_pT389,0.10629377802506336,NDRG1_pT346,0.10965940785212867,HER2_pY1248,0.12893619519343824,Gab2,0.12869296929379068,c-Kit,0.1345019473990844
E-Cadherin,0.15851290298978915,PRAS40_pT246,0.1242090559311622,G6PD,0.11942577148320033,Rb_pS807_S811,0.14466633313190655,DUSP4,0.11478726009057297,Rb_pS807_S811,0.1211191897004012,GAPDH,0.13306278501569874,GATA3,0.15415698882637993,AMPKa_pT172,0.13752020473448276
PREX1,0.1612579519873549,SCD1,0.13624327184816432,PCNA,0.1240602294710055,Paxillin,0.15598983154567805,PCNA,0.11666906804131066,S6_pS240_S244,0.12978360323855556,Rab25,0.1360475235926921,Connexin-43,0.17745148958172483,Src_pY416,0.13974516664383604
FASN,0.17991922250301767,p70-S6K_pT389,0.14214761717281083,Akt_pS473,0.1532250711397528,XBP1,0.1760548302054919,Claudin-7,0.1531044603691344,ER-alpha,0.14444899104180858,c-Jun_pS73,0.13668387229742307,FASN,0.19251083135640035,HER2_pY1248,0.1459908911463436
Claudin-7,0.18135700336086719,NDRG1_pT346,0.1662806452675688,Cytokeratin-19,0.22095357737509946,TAZ,0.1884428416229162,PAR,0.1895990806163907,eIF4G,0.14743530222254045,ATP5A,0.14901575790403873,PDGFR-b,0.23222040542022437,Cytokeratin-19,0.16005175344829822
HER2,0.3468892870603755,Akt_pT308,0.533485024034701,Akt_pT308,0.22193979021480215,Puma,0.20459815886155389,Cytokeratin-19,0.2583421399313955,S6_pS235_S236,0.1707009758675669,ER-alpha,0.17082699128493284,Cytokeratin-19,0.2493636326677433,Stat3_pY705,0.18100865736418598
HER2_pY1248,0.4382831075277106,Akt_pS473,0.5597282214899812,GAPDH,0.24161417683955744,PD-L1,0.6344902488638647,PD-L1,0.33928217982376613,Paxillin,0.19162637294203108,TFRC,0.1862244332880406,ER-alpha,0.3392913362993374,ER-alpha,0.46108144926912004
