1,1,2,2,3,3,4,4,5,5,6,6,7,7,8,8,9,9,10,10,11,11,12,12,13,13,14,14,15,15
UID,Effect,UID,Effect,UID,Effect,UID,Effect,UID,Effect,UID,Effect,UID,Effect,UID,Effect,UID,Effect,UID,Effect,UID,Effect,UID,Effect,UID,Effect,UID,Effect,UID,Effect
Caveolin-1,-0.4077074005720512,ATM,-0.2532391429490571,Annexin-1,-0.38883468439918795,PR,-0.21957300635958782,c-Kit,-0.2920721657723807,beta-Catenin,-0.3837106631985573,Claudin-7,-0.2777941381874378,BIP,-0.2965466098818459,VEGFR-2,-0.17763786095049933,Annexin-1,-0.2868479548859397,PR,-0.36783901137675395,PDH,-0.2345764064677863,PKC-alpha_pS657,-0.3798928899951879,Cyclin-E1,-0.2753083665229353,c-Jun_pS73,-0.20212561950404406
Annexin-1,-0.37772543932356006,Cyclin-B1,-0.23834491614313622,Caveolin-1,-0.2800237693556749,PTEN,-0.20794454655585962,ER-alpha,-0.24138067001802307,Annexin-1,-0.20289552834542554,PTEN,-0.23314923892641237,PR,-0.25674529826496945,Cyclophilin-D,-0.1389038661684458,FoxO3a,-0.2858990933003894,Notch3,-0.22609780431367132,Bcl2,-0.22076919070564557,Notch3,-0.27888786403688803,PTEN,-0.24056744538818486,EGFR,-0.1947216253546781
PKC-alpha_pS657,-0.18665567556801527,Cyclophilin-D,-0.17563203517021586,ATM,-0.26276815841766693,ER-alpha,-0.19563999775290167,PTEN,-0.20437829026634088,IGF1R-b,-0.1423668851414862,Rab25,-0.15225114704934764,Cox2,-0.2061478748771766,P70S6K,-0.1212747779415156,BIP,-0.18309847425241493,Snail,-0.17113384497702336,P70S6K,-0.19756010837849025,PKC-alpha,-0.26808438586203176,Cyclin-B1,-0.23307703016450507,FoxO3a,-0.19347886249126328
PKC-alpha,-0.16903048902379575,Ku80,-0.17278536663125088,Claudin-7,-0.25665841736389394,Cyclin-B1,-0.19492128934326397,PR,-0.18707855888503083,PR,-0.13995942948735654,EGFR,-0.13004644211580238,NFKB-P65,-0.18534071522465306,AR,-0.1167058723148725,IGFBP2,-0.17225434822554475,YAP_pS127,-0.14048567134130766,AIF,-0.18833578801308715,IGF1R-b,-0.18014624040563282,IGFBP2,-0.1897183600709219,E-Cadherin,-0.1608899510121782
Cox2,-0.0761568457095795,P62,-0.1725700941818199,Ku80,-0.2263343505870832,P70S6K,-0.1610579992091199,IGF1R-b,-0.15870324172153866,p53,-0.13075988310016684,Annexin-1,-0.11780269028112401,ATM,-0.17704880706596177,Bim,-0.1094480586324808,HER2,-0.16176236633888774,NF2,-0.13654909777896346,CD31,-0.1845546329895698,BIP,-0.1661255561013633,beta-Catenin,-0.18753078988000355,P62,-0.15035647047106931
PTCH,-0.06593192540750166,c-Kit,-0.15729309148825035,Cyclin-B1,-0.21683467405285234,P62,-0.15540685383368877,53BP1,-0.15400245902218454,E-Cadherin,-0.13042500794416712,CASPASE7_CLEAVED,-0.11568078218857451,PDH,-0.168439516425632,Snail,-0.10147113914346984,Akt_pT308,-0.13892568138491207,Chk2,-0.13387878995899904,AIB1,-0.18374410674263492,P70S6K,-0.1606753983058041,Rb_pS807_S811,-0.1638125897263453,IGFBP2,-0.14648490722971327
Transglutaminase,-0.06306340228595854,Rb_pS807_S811,-0.15534398690783868,MSH2,-0.21146060842883868,TSC2,-0.1545326354950894,Bcl2,-0.15165464645320462,c-Kit,-0.12064549483053946,MSH2,-0.09999163036271551,Cyclophilin-D,-0.1642350122492534,BIP,-0.09876371200556829,c-Jun_pS73,-0.13499796909084966,Src,-0.13257725038178034,KRAS,-0.1836522067652432,P-Cadherin,-0.154909682862438,KRAS,-0.16205132809376058,IGF1R-b,-0.13810454000213518
NFKB-P65,-0.05857001708552665,MSH2,-0.1471947414427208,ATP_SYNTHASE_SUBUNIT_A,-0.1790302084213244,Rb_pS807_S811,-0.14108468779238767,Rb_pS807_S811,-0.14451333176531705,NFKB-P65,-0.11410234996802716,NF-kB-p65_pS536,-0.07824210517747762,YAP_pS127,-0.13806824034674156,Caveolin-1,-0.09861030612732814,PR,-0.13144271097040025,BIP,-0.12929529922647998,Smad4,-0.16622539595664557,Cox2,-0.15397940969681154,Rb,-0.16160865454593762,Caveolin-1,-0.11380729657121932
VEGFR-2,-0.058481544470871394,eEF2K,-0.13674168466141928,P62,-0.1719743260176111,ATM,-0.14006673699834588,COMPLEX_IV_SUBUNIT1,-0.1413458322006082,MSH6,-0.11039235196205069,NFKB-P65,-0.068847529455033,p53,-0.12840550574570114,ATP_SYNTHASE_SUBUNIT_A,-0.09275323067944297,PKC-alpha_pS657,-0.1146329722953495,COMPLEX_II_SUBUNIT_NDUFB4,-0.12762506958623326,GATA3,-0.16438482403549462,Bim,-0.14903409678746424,CD31,-0.15790232849719613,INPP4b,-0.11373158428497569
FoxO3a,-0.05733579106421502,Atg5,-0.13311034817432751,Atg5,-0.16338828027329427,Akt,-0.13954577298422832,Rb,-0.11405339975616793,Notch3,-0.10581150152603126,COMPLEX_II_SUBUNIT_NDUFB4,-0.06870231198712733,AIF,-0.1247875781980976,Src,-0.08478529431474623,Cyclin-B1,-0.10515782160497805,Stat3_pY705,-0.11087669895393144,PARP-cleaved,-0.15488521303423483,Claudin-7,-0.13662331920667378,Chk2,-0.14815250621640444,p70-S6K_pT389,-0.10261816524005411
Paxillin,-0.04354254221175732,ATP_SYNTHASE_SUBUNIT_A,-0.1329871258053948,ER-alpha,-0.1526675371234025,GATA3,-0.1391727742368185,GATA3,-0.09770483372684308,P70S6K,-0.0907053698767053,PR,-0.0666962824614163,COMPLEX_IV_SUBUNIT1,-0.1241721825266267,PTEN,-0.08089455927390314,Cox2,-0.10428762823519853,MSH2,-0.10952316749681064,NFKB-P65,-0.15289730405993782,Cyclin-E1,-0.13004562918120816,NFKB-P65,-0.1446111678578367,PI3K-p85,-0.09721323290716383
EGFR,-0.040824310258456856,Chk2,-0.10784550453097166,EGFR,-0.1452575491031615,Paxillin,-0.13534643849512332,HER2,-0.0934334592220608,IGFBP2,-0.08911246181447223,KRAS,-0.06440606516153152,Snail,-0.12373962882664058,p70-S6K_pT389,-0.08078746251790123,PTCH,-0.09365578183146502,Cyclin-B1,-0.09974863809828603,COMPLEX_II_SUBUNIT_NDUFB4,-0.15104499221236958,Cyclophilin-D,-0.12021276396732966,Bcl-xL,-0.13286487479427914,YAP_pS127,-0.09676573559987135
Y_BOX_BP1,-0.04063107743352509,P-Cadherin,-0.08463489603914748,HER2,-0.12931213410489545,PKC-alpha_pS657,-0.13233225352618733,Caveolin-1,-0.09082741750679083,IRS1,-0.0866341979932961,PRAS40_pT246,-0.061717857762791914,Transglutaminase,-0.12278527286303612,ATP_SYNTHASE_SUBUNIT_D,-0.07696154741994861,Notch3,-0.08783586548755641,PCNA,-0.0970567453710772,COMPLEX_IV_SUBUNITIV,-0.12521202039379714,CASPASE7_CLEAVED,-0.11276561457976844,STAT5-alpha,-0.11848063751585983,MEK1,-0.09330628187466974
p53,-0.03673238939008305,4E-BP1_pS65,-0.07973093550976298,E-Cadherin,-0.12918407196423778,AIB1,-0.12491074963726191,IRS1,-0.08661563528054804,ATM,-0.08118354319070441,PDH,-0.061027143231032685,PDHA1,-0.11736531943546838,eEF2K,-0.07574108591612012,ER-alpha,-0.07757926475039345,Src_pY527,-0.09583473413062367,Annexin-1,-0.1251872115538174,Rab25,-0.11272885003859946,AR,-0.11568252294245646,ER-alpha,-0.09302254857478558
FAK,-0.03385310997670887,NF2,-0.07904463420091512,Cyclophilin-D,-0.11772229196140913,C-Raf,-0.12443585447444577,PDH,-0.08038072782559647,UBIQUITIN_CLONE_P4D1-A11,-0.08116398238361465,EGFR_PY992,-0.058948828892482236,COMPLEX_II_SUBUNIT_NDUFB4,-0.11242118642600415,Cyclin-B1,-0.0752378904647618,Cyclophilin-D,-0.07504962182456215,PDH,-0.07716459924895135,Akt,-0.12118448848017283,GATA3,-0.11260889669097537,CASPASE7_CLEAVED,-0.11545390349560489,ATP_SYNTHASE_SUBUNIT_D,-0.09131022739149641
YAP_pS127,-0.0311133222577713,Rb,-0.07229177223711353,AIB1,-0.1176828848506794,NFKB-P65,-0.1159825669317484,Porin,-0.07305838829499951,Paxillin,-0.07819865531202178,CD31,-0.05880093905384232,ACC1,-0.1086163686968981,AIF,-0.07204178467367162,MSH6,-0.0734054853170395,AIF,-0.07276677046967452,MIG6,-0.10939728615341852,EGFR,-0.10190569666803863,Akt_pS473,-0.11540891809408617,COMPLEX_II_SUBUNIT_30_KDA_IP,-0.08905664640123322
4E-BP1_PT37,-0.029239687144970605,c-Myc,-0.06478415609180524,53BP1,-0.1099941598571243,MSH2,-0.11527572732898252,Smad4,-0.07094141607952814,YAP_pS127,-0.0764436918290702,B-Raf,-0.05862064548024476,AR,-0.09912962999946681,p27,-0.07095155239636527,CDK1,-0.07264288544428259,p53,-0.06754131841324762,ER-alpha,-0.10841532193044062,Chk2,-0.10081952520816222,Akt_pT308,-0.10771701654889737,Atg5,-0.08329274961736467
MIG6,-0.028396551939679143,53BP1,-0.05423122315017279,P-Cadherin,-0.10913411319051697,Cox2,-0.11185355872643127,KRAS,-0.07031642252662781,NF-kB-p65_pS536,-0.07062482807518994,STAT5-alpha,-0.05824739344523712,Akt_pS473,-0.09728075117732786,PDH,-0.0687353405284236,AMPKa_pT172,-0.06944070467675956,Smad4,-0.06302374215991083,Snail,-0.10651942147363402,COMPLEX_IV_SUBUNIT1,-0.09428852067580781,PEA-15,-0.09769521185483802,Bcl2,-0.07943383272246898
N-Cadherin,-0.028216237074856484,Bcl2,-0.053873588199664584,PR,-0.10121301542443287,Atg5,-0.10756026683051426,Snail,-0.06970046513543961,S6,-0.0693396185531897,A-Raf_pS299,-0.05454846467258873,E-Cadherin,-0.0943310322551379,p21,-0.06754560710182933,PI3K-p85,-0.06224807082320814,B-Raf,-0.06182730844759278,Atg7,-0.1065079055677821,INPP4b,-0.09360462926880618,MSH2,-0.09282657219600159,UBIQUITIN_CLONE_P4D1-A11,-0.07674033946065134
c-Myc,-0.02775940201721805,UBIQUITIN_CLONE_P4D1-A11,-0.051996930324538844,Chk2,-0.09626073716111845,IRS1,-0.10565655887697986,COMPLEX_IV_SUBUNITIV,-0.06869562364699823,Src_pY416,-0.06712248621848452,VASP,-0.05433465700269814,COMPLEX_II_SUBUNIT_30_KDA_IP,-0.09381526406484572,COMPLEX_II_SUBUNIT_CORE2,-0.05971197115882342,NFKB-P65,-0.06184537581768506,Src_pY416,-0.06024472747676946,Atg5,-0.10214680154697217,FoxO3a,-0.08960180832757036,c-Jun_pS73,-0.08591029878993416,YAP,-0.07562529959588794
STAT5-alpha,-0.02664324906531692,MEK1,-0.05186554094596279,beta-Catenin,-0.09423013719788872,MSH6,-0.10339795274822286,CD31,-0.06555166477195043,Cox2,-0.05907228731366988,MAPK_pT202_Y204,-0.0515298572902706,Bcl-xL,-0.09281767822938458,Bcl-xL,-0.0557278886529745,PKC-alpha,-0.059916641352246724,ATM,-0.05853414513010158,Src,-0.1007656944920541,p53,-0.08956249010652424,ATP_SYNTHASE_SUBUNIT_D,-0.08379771282777396,Akt_pT308,-0.07083495336041326
PTEN,-0.02648257609081629,MSH6,-0.04791203808021308,p53,-0.08987263484443067,STAT5-alpha,-0.09761559451987352,HER2_pY1248,-0.06392379078527091,B-Raf,-0.05480916350980611,AIF,-0.05120134164266824,CD31,-0.0871878945098992,Cyclin-D1,-0.05570013604423888,Notch1,-0.05660013664014939,PARP-cleaved,-0.052890801261715754,B-Raf,-0.10047376755019059,IGFBP2,-0.0824052201679028,PDH,-0.08260530525303918,ATG12,-0.0698112039111082
Bax,-0.026322199073886485,PARP-cleaved,-0.04727419409698849,NF2,-0.08954232640555963,GSK-3B,-0.09497500772916852,COMPLEX_II_SUBUNIT_RIESKE,-0.062267308681404954,PI3K-p85,-0.05280839902969207,Snail,-0.049496050988922784,ATP_SYNTHASE_SUBUNIT_D,-0.08377596754653156,COMPLEX_IV_SUBUNITIV,-0.053911904292965857,AR,-0.05365454365331579,HER2,-0.05200302317075477,p38-MAPK_pT180_Y182,-0.09851498615113664,COMPLEX_II_SUBUNIT_70_KDA_FP,-0.0740097536464811,GSK-3B,-0.08128355074565867,VASP,-0.06786589828379813
c-Jun_pS73,-0.025606873796285613,Cyclin-E1,-0.04604637149262001,MSH6,-0.0876291102986286,Beclin,-0.09371428031019709,AIF,-0.06142761956564893,GATA3,-0.050419808967266576,PI3K-p110-alpha,-0.04645205082003215,ACC1_PS79,-0.08307501382185506,COMPLEX_II_SUBUNIT_RIESKE,-0.0503488568338179,IRS1,-0.05269769761783829,Chk1,-0.05155339063946396,c-Kit,-0.09365503453418261,PI3K-p85,-0.07352826852660543,NF2,-0.0798845484676602,IRS1,-0.06690075474433911
Notch1,-0.025361721521157652,ATP_SYNTHASE_SUBUNIT_D,-0.04595058123546881,GATA3,-0.08028785991105208,MEK1_pS217_S221,-0.09276896111348397,HSP70,-0.059495427321908365,c-Jun_pS73,-0.049329760569867806,Bcl-xL,-0.04549823371877783,Src,-0.08259599585943418,Ku80,-0.04938963094430793,AMPK-alpha,-0.050880722652323206,ERCC1,-0.0509152673880318,PTCH,-0.0920367572848504,PCNA,-0.06621081790249198,IGF1R-b,-0.07929929850955723,CDK1,-0.06591589134644053
Collagen-VI,-0.023197878795247852,ATG12,-0.045289081449802523,eEF2K,-0.07649930033713853,GSK3-alpha-beta_pS21_S9,-0.09166207320292559,c-Myc,-0.058683410115652035,COMPLEX_IV_SUBUNIT1,-0.047247516823403723,HER2_pY1248,-0.04282485131765857,VEGFR-2,-0.08043445873943508,P62,-0.04890396537251527,NF-kB-p65_pS536,-0.05069180394685418,4E-BP1_pS65,-0.048162168972525655,Cyclin-E1,-0.09136776089296668,TAZ_PS89,-0.06316853593359681,CDK1,-0.07365325050859907,COMPLEX_II_SUBUNIT_RIESKE,-0.06408796270761404
PEA-15,-0.02094773872431667,COMPLEX_IV_SUBUNIT1,-0.044990683403758926,BIP,-0.07261664005789555,PKC-alpha,-0.09118983914031584,MSH2,-0.05693130203178415,Stat3_pY705,-0.04485174523783007,p38-MAPK_pT180_Y182,-0.039535899547106707,MEK1,-0.07859133393198638,GATA3,-0.04612458275108769,N-Cadherin,-0.050077890095707955,CD31,-0.04717714069596232,UBIQUITIN_CLONE_P4D1-A11,-0.08846429470966528,PDHA1,-0.059763230402615844,PARP-cleaved,-0.07346500050606991,Cyclin-D1,-0.06313731749656788
MSH6,-0.020741159188654736,4E-BP1_pT70,-0.044340351355929966,TSC2,-0.07109771605881185,AMPKa_pT172,-0.08602423147430843,COMPLEX_II_SUBUNIT_CORE2,-0.05508201688344327,p21,-0.04359124935801245,INPP4b,-0.03399425434835088,KRAS,-0.0781807630258945,AMPK-alpha,-0.039212296243747585,4E-BP1_PT37,-0.04854617400220296,PTCH,-0.04701473008179856,ATG12,-0.08573975833129892,Bax,-0.05599468955312059,PCNA,-0.07195221607629598,P-Cadherin,-0.06273341363397116
PEA-15_pS116,-0.018360336969456135,FoxO3a,-0.038700262221342624,Rab25,-0.069971260132863,p38_MAPK,-0.08570142318413079,ER-alpha_pS118,-0.05307096295811804,FAK,-0.04268299258126551,AMPK-alpha,-0.030707255922265475,COMPLEX_IV_SUBUNITIV,-0.07758772532325096,Annexin-1,-0.03885804908926627,YB1_pS102,-0.044502546286874695,KRAS,-0.04699353194519483,P62,-0.08305200760626147,IRS1,-0.055876208540844435,AIF,-0.07168410019554891,p38-MAPK_pT180_Y182,-0.05697905739406813
Porin,-0.018240176607829575,AIB1,-0.034976650098534234,Src_pY416,-0.06726425671385708,Transglutaminase,-0.08475230731976201,FoxO3a,-0.052970834168327055,Beclin,-0.0423487618501946,BAD_P90RSK_PT359_S363,-0.027639503444316933,UBIQUITIN_CLONE_P4D1-A11,-0.07614163848635828,NF2,-0.03660368861312744,Atg5,-0.04362715671171427,MSH6,-0.046174721393941125,Notch3,-0.0826762698117806,p27,-0.054423387685180034,Notch3,-0.06729130848051741,p53,-0.05495290498676569
CASPASE7_CLEAVED,-0.01820737658422447,IGFBP2,-0.034394088006700775,Cyclin-E1,-0.06704697170239789,eEF2K,-0.08243848626299939,UBIQUITIN_CLONE_P4D1-A11,-0.052943390367588536,Bim,-0.042049498297767246,Chk2_pT68,-0.02724866496080166,MIG6,-0.07383734375358406,Notch1,-0.0353822055399077,c-Myc,-0.04357513827222116,NF-kB-p65_pS536,-0.042087921567659003,Paxillin,-0.08251188564402737,Stat3_pY705,-0.053467788837054976,Bim,-0.0618731437763302,CD20,-0.05014497893558592
MEK1_pS217_S221,-0.017553038349811548,Akt_pT308,-0.030184334563235236,ATG12,-0.06573161156886907,VEGFR-2,-0.07809491865461451,N-Cadherin,-0.04975611862729059,Chk1,-0.04198708077493452,Cyclin-E1,-0.026359351984172424,PARP-cleaved,-0.0722122731515426,Smad4,-0.03473099080869969,MAPK_pT202_Y204,-0.03952320904005465,YAP,-0.04070044662240405,ACC1_PS79,-0.08111507649182201,MSH6,-0.05270954999010375,FoxO3a,-0.06100913602009608,EGFR_PY992,-0.048398213389266545
Stathmin,-0.016868592741327456,B-Raf,-0.029728305195014088,Y_BOX_BP1,-0.05839744293779106,MEK1,-0.07509579826458455,4E-BP1_PT37,-0.048631052994408314,Akt,-0.04086205419234845,ATP_SYNTHASE_SUBUNIT_D,-0.02596456489446743,FAK,-0.07182476798256764,AMPKa_pT172,-0.034697434374564906,Src_pY527,-0.03782953275689469,Stathmin,-0.039022794105364716,Akt_pT308,-0.07685119992705372,AR,-0.050494908548029044,Src,-0.0597288964476961,Mre11,-0.048027907164263285
FoxO3a_pS318_S321,-0.016174208491989292,Porin,-0.02788669391886676,Notch3,-0.0575372304849382,p53,-0.07505126931451186,XRCC1,-0.04733686312614555,p38-MAPK_pT180_Y182,-0.039404660534453476,YAP,-0.025678637846438486,Smad4,-0.07087108311302469,CD31,-0.03403581004288762,Mre11,-0.03744217966472914,53BP1,-0.037020704999624336,MSH2,-0.07665809472889229,ATM,-0.0476685360035195,MEK1,-0.05366596118507089,FAK,-0.046308119562771866
KRAS,-0.014381789546228055,MEK1_pS217_S221,-0.026348065362217052,ATP_SYNTHASE_SUBUNIT_D,-0.05600681078070993,YAP_pS127,-0.0729916759151051,ATM,-0.04630433145483084,Claudin-7,-0.036006739233539815,JNK2,-0.02566719125532245,COMPLEX_II_SUBUNIT_70_KDA_FP,-0.07020055584011424,COMPLEX_IV_SUBUNIT1,-0.033787089129394585,NF2,-0.03712441285846785,ACC1_PS79,-0.035303386008382454,GSK3-alpha-beta_pS21_S9,-0.0758140817765364,COMPLEX_II_SUBUNIT_30_KDA_IP,-0.04713669665878786,Ku80,-0.05340998595485886,p21,-0.04582463328751905
TAZ_PS89,-0.013455914552492291,GSK-3B,-0.023939959997784286,PTCH,-0.05444796079476266,PEA-15,-0.07269830138589135,Bim,-0.045542551945585735,4E-BP1_pT70,-0.03586220546125326,AIB1,-0.02500003928309283,Rb,-0.06947908403935384,p27_pT198,-0.029735694039417025,Rb_pS807_S811,-0.03541025631304229,COMPLEX_IV_SUBUNITIV,-0.035012333958185676,LKB1,-0.07453151247244967,NFKB-P65,-0.046403942358416564,p38_MAPK,-0.05082095926511482,JNK2,-0.045690242287977
53BP1,-0.013441536101637671,eEF2,-0.023670956457472064,INPP4b,-0.05042673451523273,Cyclin-D1,-0.07229155982424175,p21,-0.04392501090039512,MSH2,-0.03555456447823807,Atg5,-0.024842219676093614,ATP_SYNTHASE_SUBUNIT_A,-0.055669545023091245,Bax,-0.028152252912606233,p53,-0.033376203402904245,p27_pT198,-0.03364212725319899,ERCC1,-0.07417181558409258,Stathmin,-0.0426646707186997,Smad4,-0.0481900731061355,COMPLEX_II_SUBUNIT_NDUFB4,-0.04439069152172637
Smad4,-0.01322029802930406,GSK3-alpha-beta_pS21_S9,-0.02334775266361581,MEK1,-0.03935355904612886,PDK1_pS241,-0.07055458175104766,PTCH,-0.042891348467361264,Cyclin-E2,-0.03545483630244035,Src_pY527,-0.02481128843852211,ERCC1,-0.05310560967233453,Rb,-0.026605519694404937,4E-BP1,-0.033097378824129116,C-Raf_pS338,-0.03338827454563125,Rad51,-0.07050129308571913,MSH2,-0.041604813489787895,AMPKa_pT172,-0.04589868501802108,Ku80,-0.04393563274093592
Bcl-xL,-0.012940922058385367,PCNA,-0.022738123050944872,YAP,-0.0392694517385529,Ku80,-0.07026902699943484,COMPLEX_II_SUBUNIT_NDUFB4,-0.04220111955402595,TSC2,-0.035295009245161865,p38_MAPK,-0.021543027406504253,Akt_pT308,-0.04742080941178232,PR,-0.02639778822299635,Chk1_pS345,-0.03282916352962809,Akt_pS473,-0.03205161010013718,Stat3_pY705,-0.06840569983489468,Chk2_pT68,-0.03987210233550536,Annexin-1,-0.04542272702055064,KRAS,-0.04371983896990055
Stat3_pY705,-0.01272707357841996,CDK1,-0.021361817187338986,Bcl-xL,-0.03819510425372003,PI3K-p110-alpha,-0.06765741651445922,ATP_SYNTHASE_SUBUNIT_D,-0.04186053221629778,C-Raf,-0.03418563748718388,eIF4E,-0.0207155207270309,MEK1_pS217_S221,-0.04359577171935798,Atg7,-0.026189782552041643,TAZ_PS89,-0.03270830249770525,TAZ_PS89,-0.03155716001010477,Porin,-0.06692723176613624,CASPASE3_ACTIVE,-0.03909184919307533,DJ1,-0.04358021475632005,Stathmin,-0.043428763236186795
UBIQUITIN_CLONE_P4D1-A11,-0.012272590155014237,COMPLEX_II_SUBUNIT_CORE2,-0.01984710883628931,VASP,-0.03774984245052437,Caveolin-1,-0.06702412499642868,COMPLEX_II_SUBUNIT_30_KDA_IP,-0.04130262754426632,Y_BOX_BP1,-0.03391799266574781,Bid,-0.02066738444449398,MAPK_pT202_Y204,-0.04190688091934265,Cyclin-E1,-0.025860824158753643,YAP,-0.030645392551834204,CDK1,-0.030018141707681394,AR,-0.06622966362524785,N-Cadherin,-0.03882175853426478,PKC-alpha,-0.04196555227667135,C-Raf_pS338,-0.04246696129944822
Chk1_pS345,-0.011487606288319255,HSP70,-0.01786882700058621,Rb,-0.03699266010529673,FAK,-0.06593511389813632,BAD_P90RSK_PT359_S363,-0.04127180182401076,COMPLEX_II_SUBUNIT_70_KDA_FP,-0.03375079580491287,ERCC1,-0.02056649443134786,COMPLEX_II_SUBUNIT_CORE2,-0.037318860211851074,Collagen-VI,-0.025236327743128402,ATG12,-0.03036017080712837,C-Raf,-0.026791490227894954,INPP4b,-0.06559087248876777,Bak,-0.03859118241499754,Rad51,-0.03903504695127346,AMPK-alpha,-0.04157179327406567
CD20,-0.011487329347040026,LKB1,-0.016877941728333148,p38-MAPK_pT180_Y182,-0.034963603970068986,S6,-0.06539458512783217,LKB1,-0.040883035421264605,CDK1,-0.03372945154990079,p53,-0.020475397159649203,Claudin-7,-0.03713411265716615,Chk2,-0.024607840673569737,Y_BOX_BP1,-0.028767436229677437,IGF1R-b,-0.02658088539186911,c-Myc,-0.06427322516500492,4E-BP1_PT37,-0.03707400685024979,XRCC1,-0.03629554610371041,Transglutaminase,-0.04156498429739368
Src,-0.011055292515112973,TSC2,-0.016158620402273446,EGFR_PY992,-0.034803611785265275,MAPK_pT202_Y204,-0.062465094790910856,Rad51,-0.03846298809940581,Collagen-VI,-0.03145316099772507,c-Jun_pS73,-0.019914663949503388,PKC-alpha,-0.036148669711691506,PRAS40_pT246,-0.02438725351639437,UBIQUITIN_CLONE_P4D1-A11,-0.025478969121998082,Cyclin-E1,-0.026344215919374116,Src_pY416,-0.062471388786032894,STAT5-alpha,-0.030939445096422824,PI3K-p85,-0.03406108768159003,CD31,-0.041492177555592466
p27_pT157,-0.010704085652138151,DJ1,-0.01567119792102294,Rb_pS807_S811,-0.03463239901795401,PI3K-p85,-0.056916466481227265,PARP-cleaved,-0.03839196309863279,TAZ_PS89,-0.030448014512515473,MIG6,-0.01987400725144094,PTCH,-0.03614366916978474,AIB1,-0.022687835749810398,CD20,-0.025024106817873155,GATA3,-0.02539986602274416,Rb,-0.061850700244710115,C-Raf_pS338,-0.0304432379295703,YAP_pS127,-0.03394292890256368,ER-alpha_pS118,-0.041338915847311454
AMPKa_pT172,-0.01062774560977678,COMPLEX_II_SUBUNIT_30_KDA_IP,-0.014877658527705393,Chk2_pT68,-0.030566895376139325,B-Raf,-0.056838143492753186,MSH6,-0.036836021680499625,STAT5-alpha,-0.029638511755587665,C-Raf_pS338,-0.01930834781569526,Ku80,-0.03512367054913378,FAK,-0.022457378205976,FAK,-0.023670327157125113,Paxillin,-0.025324379884474325,E-Cadherin,-0.06035381921741212,TAZ,-0.029294543409819167,AMPK-alpha,-0.03379348516403674,Notch3,-0.040781256719621385
COMPLEX_II_SUBUNIT_RIESKE,-0.010369048862146965,Rad51,-0.014216334548920776,NF-kB-p65_pS536,-0.029955025857536094,ACC1_PS79,-0.055189595167062844,CD20,-0.0363393346856657,Stathmin,-0.02908442550163046,Rad51,-0.017860633988444456,AMPKa_pT172,-0.032802763098444175,KRAS,-0.021983961240087863,p27_pT157,-0.023575423952946314,AIB1,-0.024621047842063863,Stathmin,-0.04998079878150646,Mre11,-0.028246692420209673,Caveolin-1,-0.03156350168412904,eEF2,-0.04014078740011269
Chk1,-0.00986678863492361,PEA-15,-0.013665890171811702,PRAS40_pT246,-0.029446574184711204,ATG12,-0.05239580278428118,p27_pT157,-0.035781030322817674,Bax,-0.028411854978483905,Bak,-0.01709910310198744,P62,-0.032345493383427744,COMPLEX_II_SUBUNIT_NDUFB4,-0.021843009665902934,Chk1,-0.02264920216631103,Rad51,-0.02384148031242509,Transglutaminase,-0.047330089477344316,HSP70,-0.027257430069025382,JNK2,-0.03155982468220486,COMPLEX_II_SUBUNIT_CORE2,-0.03982535568864248
COMPLEX_IV_SUBUNITIV,-0.009704136391580073,Bak,-0.013633639812261593,Bim,-0.0276695153719814,ACC1,-0.048645378378725415,p27_pT198,-0.03465694544338414,CASPASE3_ACTIVE,-0.028082425787550384,p27_pT157,-0.015498135082556336,Rab25,-0.032326026271823016,ERCC1,-0.02084355331049747,JNK2,-0.02201587073667485,GSK-3B,-0.02202428089512933,Chk2,-0.044812479879367116,DJ1,-0.026673440443382837,NF-kB-p65_pS536,-0.03039747447805141,Stat3_pY705,-0.037997330635790756
p38_MAPK,-0.009617583804718126,Collagen-VI,-0.012786491952831174,COMPLEX_II_SUBUNIT_CORE2,-0.027338164680592497,eIF4E,-0.047595178046875526,PDHA1,-0.03277094194835255,4E-BP1,-0.027513685840560156,Cyclophilin-D,-0.015194611835775272,Cyclin-D1,-0.03204823435249148,N-Cadherin,-0.019051589788080216,Beclin,-0.020848080999537576,Notch1,-0.021322698735275033,PKC-alpha,-0.04354584078992927,c-Kit,-0.024981451784759672,HER2_pY1248,-0.029137482922409943,CASPASE3_ACTIVE,-0.03762860094218362
PARP-cleaved,-0.008055531336845473,c-Jun_pS73,-0.01158324214257422,Bak,-0.026654196660944502,PCNA,-0.047356302005110575,INPP4b,-0.030005152262349042,LKB1,-0.025169889479417746,ATG12,-0.014582727623254816,COMPLEX_II_SUBUNIT_RIESKE,-0.03186670943892838,4E-BP1_PT37,-0.018662537996927464,p27_pT198,-0.019703694958052947,4E-BP1_PT37,-0.021261961183416653,IRS1,-0.04206368912769223,p70-S6K_pT389,-0.02422361751646927,Chk2_pT68,-0.028706403041425292,Chk1,-0.03724375248035973
CD31,-0.0076156739359353265,Chk2_pT68,-0.011397479589957639,CASPASE7_CLEAVED,-0.025810474002793238,INPP4b,-0.04520021018833286,P70S6K,-0.028263771956148685,AR,-0.025034794382819178,COMPLEX_II_SUBUNIT_CORE2,-0.013807301304308087,c-Kit,-0.031679423345459756,Notch3,-0.017632252657701797,eEF2,-0.016401532958320128,c-Jun_pS73,-0.02121026264060617,Collagen-VI,-0.040971390659567244,PI3K-p110-alpha,-0.024139268426606957,Bcl2,-0.027740771068123588,GSK3-alpha-beta_pS21_S9,-0.037118325323704654
BIP,-0.006855157773941171,PTCH,-0.010413639769776469,Bcl2,-0.025712488756408178,MIG6,-0.04169608371153488,Notch1,-0.02822616954466102,Bcl2,-0.022773076697429135,PEA-15,-0.013669093744126873,Beclin,-0.027717082779676525,PDK1_pS241,-0.017469698857280724,CASPASE3_ACTIVE,-0.015823840787632364,Collagen-VI,-0.020942975167461297,MEK1,-0.04033805123172138,GSK-3B,-0.023442975404632565,COMPLEX_II_SUBUNIT_NDUFB4,-0.026242948572602443,HSP70,-0.035485260717527715
CASPASE3_ACTIVE,-0.006633785536172034,Cyclin-D1,-0.010250881215600468,IGFBP2,-0.024369304063644667,ER-alpha_pS118,-0.03944742549587957,beta-Catenin,-0.02762763107110713,Snail,-0.02008967970986843,Chk2,-0.013229534949742624,p27,-0.026338085591842763,PKC-alpha,-0.017293537875169556,TAZ,-0.01570154398842804,N-Cadherin,-0.020595175999202853,CASPASE3_ACTIVE,-0.03772587878292445,PARP-cleaved,-0.022414892052968323,Transglutaminase,-0.02562694863424879,p38_MAPK,-0.035152315349464607
MSH2,-0.006110504133753676,PEA-15_pS116,-0.009034148138202322,Stat3_pY705,-0.02155861821642895,Atg7,-0.03698288127207114,ERCC1,-0.024832675878031285,FoxO3a_pS318_S321,-0.016253429793943043,Bax,-0.01261041541159764,CASPASE7_CLEAVED,-0.024208862368169715,FoxO3a,-0.016419420089613435,CASPASE7_CLEAVED,-0.0137443274459807,p38-MAPK_pT180_Y182,-0.018598621560253464,Beclin,-0.03560225639381669,YAP,-0.021632400727309185,HSP70,-0.023631174134318148,PDH,-0.03498775243368758
COMPLEX_II_SUBUNIT_30_KDA_IP,-0.005728086179807888,4E-BP1,-0.008839085399346526,HSP70,-0.021252711400755346,p70-S6K_pT389,-0.03612965065995829,Bax,-0.021792502439597954,Rab25,-0.015376669913307583,c-Myc,-0.011319550362658031,LKB1,-0.02391924990773543,c-Jun_pS73,-0.01623755487854209,Akt,-0.01259444875629756,COMPLEX_II_SUBUNIT_CORE2,-0.018347575356411412,ACC1,-0.03493214680579161,XRCC1,-0.02155389649986905,COMPLEX_IV_SUBUNITIV,-0.022101303286863147,p27_pT198,-0.034407345676313504
YB1_pS102,-0.0046403851400977775,Bim,-0.006753014152077914,Bid,-0.02053638978468875,4E-BP1_pS65,-0.03211073602462736,Cyclin-E2,-0.02178046481962529,PEA-15_pS116,-0.015138761182645726,S6,-0.010800780885348764,Porin,-0.023549737243722547,ER-alpha_pS118,-0.016143129328403914,4E-BP1_pS65,-0.012477094493941132,Caveolin-1,-0.01647885734917337,ATP_SYNTHASE_SUBUNIT_D,-0.03403524306558732,Bcl2,-0.021466668239478952,p53,-0.021365453329774634,PEA-15_pS116,-0.0332922093013923
Beclin,-0.004544026842067405,Chk1,-0.006706392981850769,COMPLEX_II_SUBUNIT_NDUFB4,-0.01895730416682609,Bcl-xL,-0.029616205060672536,JNK2,-0.021181669526441765,PCNA,-0.015072891844106201,MSH6,-0.010404194315581728,p38-MAPK_pT180_Y182,-0.023337656983573773,HER2_pY1248,-0.014833300351532158,Stat3_pY705,-0.01227313398208664,COMPLEX_II_SUBUNIT_RIESKE,-0.016215624532508868,PI3K-p85,-0.03366836793101672,COMPLEX_II_SUBUNIT_CORE2,-0.019863686860312174,Claudin-7,-0.02032980668210275,Cyclin-B1,-0.03129506812805241
VASP,-0.004421107470937505,p27_pT198,-0.0058461330827413085,ER-alpha_pS118,-0.015320179157881529,p27,-0.02931438375733729,Y_BOX_BP1,-0.021151622829610268,GSK-3B,-0.014526153800625427,COMPLEX_II_SUBUNIT_RIESKE,-0.010283218756662788,HER2_pY1248,-0.02259586196389347,JNK2,-0.014672695952931993,PEA-15,-0.010037651125990303,YB1_pS102,-0.016190788018770795,C-Raf,-0.03203075807291739,Atg7,-0.018639472411568214,PI3K-p110-alpha,-0.019669614949279043,Notch1,-0.029945913050680464
P62,-0.00441971379195962,BAD_P90RSK_PT359_S363,-0.005588089071737586,Cyclin-D1,-0.013158059773584094,DJ1,-0.029232693219580348,TAZ_PS89,-0.020934564635674932,AMPK-alpha,-0.014283391129287892,CD20,-0.009451034669504997,PEA-15,-0.022092045001775352,DJ1,-0.014481143149260781,Rab25,-0.009872764183430822,Cyclin-E2,-0.01599555728879492,COMPLEX_II_SUBUNIT_RIESKE,-0.03177090552764207,Src,-0.01836280688514948,p38-MAPK_pT180_Y182,-0.01947624193439683,MIG6,-0.02768537365222868
LKB1,-0.004180170739081135,PI3K-p85,-0.005315383917264704,Stathmin,-0.013065834537451452,IGF1R-b,-0.02894358330799147,Bak,-0.02071469534040295,MAPK_pT202_Y204,-0.014173548326243644,CASPASE3_ACTIVE,-0.009024293902211858,Y_BOX_BP1,-0.021980722142927938,PKC-alpha_pS657,-0.011575903898925146,FoxO3a_pS318_S321,-0.009851471670035035,EGFR,-0.015224336388323843,Src_pY527,-0.031033230383780076,Transglutaminase,-0.017890131274064237,TSC2,-0.0185350982403793,4E-BP1_PT37,-0.02527602246768497
HSP70,-0.003342814611117669,XRCC1,-0.004982769081018558,MIG6,-0.012906970943227942,Y_BOX_BP1,-0.0284048423820222,P-Cadherin,-0.020220536849390562,HSP70,-0.014159594728592986,CDK1,-0.008352086842251284,PI3K-p110-alpha,-0.020022322165177135,Src_pY527,-0.011358122922881292,Cyclin-E1,-0.008964800847827487,c-Myc,-0.014142806635947601,Cyclin-D1,-0.029264643740211878,ER-alpha_pS118,-0.01747508409893614,YAP,-0.015295031766136934,N-Cadherin,-0.025013299209174424
Src_pY416,-0.00323410112617959,Beclin,-0.004735993841273308,PARP-cleaved,-0.011961545713409547,AMPK-alpha,-0.028347920823386732,FAK,-0.019850571004382683,P-Cadherin,-0.013141513409178773,p70-S6K_pT389,-0.006957298342749872,p38_MAPK,-0.01987525725366621,VASP,-0.01021622513500413,PEA-15_pS116,-0.008542733588586668,S6,-0.01359723031916492,FAK,-0.028746308676822718,Bcl-xL,-0.016591599013626827,MIG6,-0.014948929139175926,HER2_pY1248,-0.02228322955697275
PCNA,-0.0030127188114125072,COMPLEX_IV_SUBUNITIV,-0.00338662783047884,CASPASE3_ACTIVE,-0.011840007457734125,Rb,-0.027884636346551396,Mre11,-0.018508983263996272,ACC1,-0.012085453576864164,PCNA,-0.006888435947915449,PTEN,-0.018871699623559626,c-Myc,-0.00909526360953787,Collagen-VI,-0.008418516795630342,PKC-alpha_pS657,-0.013570879716772797,GSK-3B,-0.02838016832455542,AIB1,-0.016579025957266288,FoxO3a_pS318_S321,-0.014618179253127896,Bax,-0.020951070470973887
TAZ,-0.002558612351799967,TAZ,-0.0028914075974881214,COMPLEX_IV_SUBUNIT1,-0.011120097604238934,p38-MAPK_pT180_Y182,-0.025274687159651196,COMPLEX_II_SUBUNIT_70_KDA_FP,-0.01810399361658253,4E-BP1_pS65,-0.011454474098971462,E-Cadherin,-0.0064829728928243275,53BP1,-0.018724673986781393,P-Cadherin,-0.008605795108623839,Atg7,-0.00822791146579624,PI3K-p110-alpha,-0.01110602906840303,HSP70,-0.028033951712724818,Chk1_pS345,-0.01589810249010539,MAPK_pT202_Y204,-0.01357974255924599,ERCC1,-0.020367040124823096
CDK1,-0.002162182546626219,Y_BOX_BP1,-0.002692103411333212,Transglutaminase,-0.009587089233943892,Stathmin,-0.025071365932545112,BIP,-0.017305718352755038,c-Myc,-0.010857749424769374,TAZ,-0.006058303438885071,STAT5-alpha,-0.017085492610089074,PI3K-p85,-0.008339178697634684,Chk2_pT68,-0.007853547986342595,INPP4b,-0.011038474900752783,NF-kB-p65_pS536,-0.027190226325675096,PEA-15,-0.015361264146115746,ATP_SYNTHASE_SUBUNIT_A,-0.013292149159970401,Smad4,-0.02007891542182502
PI3K-p110-alpha,-0.0021590460944787633,Smad4,-0.0013203928201850979,p27,-0.008300652280257058,C-Raf_pS338,-0.024989485637716496,TAZ,-0.01712377252243394,N-Cadherin,-0.009954273149977468,XRCC1,-0.005036007527347711,Rb_pS807_S811,-0.01585899265530684,Porin,-0.008157400005918677,XRCC1,-0.007152050774748959,Y_BOX_BP1,-0.010362859743885497,4E-BP1,-0.026803577146175782,UBIQUITIN_CLONE_P4D1-A11,-0.015109090952864503,p27,-0.012598068946813598,MEK1_pS217_S221,-0.019424568254710495
Cyclin-E2,-0.0018896619991867019,ERCC1,-0.0012021752830863994,Notch1,-0.0062252088044603675,4E-BP1_pT70,-0.02396008971747457,FoxO3a_pS318_S321,-0.015068915752316114,Chk1_pS345,-0.00922754199974631,Stathmin,-0.003911882733410982,DJ1,-0.015496447433393828,IRS1,-0.006989162985282686,C-Raf_pS338,-0.0070225103868865185,FAK,-0.009640027706674398,C-Raf_pS338,-0.02585210563192538,Ku80,-0.015017957208211134,P-Cadherin,-0.011715736213275898,Bak,-0.01915852726682582
AIF,-0.00122822466849176,C-Raf_pS338,-0.0010395110209781325,A-Raf_pS299,-0.00593062924084257,VASP,-0.02360585764994987,AIB1,-0.014576928469852313,Transglutaminase,-0.008639464467808942,Rb,-0.0035685190665654958,TAZ,-0.013322612269467744,eEF2,-0.006782559813797258,Bcl-xL,-0.006163354293490401,PKC-alpha,-0.007737410377196471,53BP1,-0.02160057293210805,NF2,-0.014835190804206104,Cyclin-E2,-0.011075232309465124,TAZ,-0.01768414873290537
JNK2,-0.0009121266863663638,S6,-0.0007751149491674283,Src_pY527,-0.005718678182533364,NF-kB-p65_pS536,-0.02229356675388133,c-Jun_pS73,-0.014256751338849847,4E-BP1_PT37,-0.008576203791098386,eEF2K,-0.0028362134453449738,Mre11,-0.012533834898638165,Akt_pT308,-0.005516513615618307,HSP70,-0.004812238789198202,FoxO3a_pS318_S321,-0.007576887957927524,CASPASE7_CLEAVED,-0.021275705425178638,eIF4E,-0.014587781492543424,PR,-0.010549760782090375,BAD_P90RSK_PT359_S363,-0.014489788950669963
YAP,-2.3787941402468103e-05,CASPASE3_ACTIVE,-0.00029062112030361356,4E-BP1_pS65,-0.005075817251023573,eEF2,-0.021866132901544013,Cox2,-0.011691390933972508,Src_pY527,-0.008411829214183542,Bim,-0.0009059684161662336,JNK2,-0.012303518245585893,E-Cadherin,-0.004532150783184582,P70S6K,-0.0047752164722847665,CASPASE3_ACTIVE,-0.006590387536229333,PKC-alpha_pS657,-0.02121821255091065,CD20,-0.013876643499450825,MEK1_pS217_S221,-0.009853618274428174,A-Raf_pS299,-0.013634268614155454
Mre11,0.0013508386642376103,Src_pY527,-0.00025412013060436265,LKB1,-0.0036590582423780002,PTCH,-0.02053619177266011,Beclin,-0.011649421628211842,COMPLEX_II_SUBUNIT_NDUFB4,-0.00836237283484194,COMPLEX_IV_SUBUNITIV,-0.0006803777940124395,A-Raf_pS299,-0.011887332147342805,Akt_pS473,-0.0038057412167556426,Snail,-0.004721265047921565,Atg7,-0.006324048532145396,MAPK_pT202_Y204,-0.02113220509870613,FoxO3a_pS318_S321,-0.013589051110703536,CD20,-0.009741888377686716,ATM,-0.012166793081412802
p27_pT198,0.0014210175533918813,IGF1R-b,-0.00021687529091001054,p27_pT198,-0.003159327426698994,Rad51,-0.015704591411061283,Transglutaminase,-0.01124131388381089,YB1_pS102,-0.007870319316843318,Stat3_pY705,-0.0006415015870459523,PI3K-p85,-0.010666017684739314,CASPASE7_CLEAVED,-0.003235900676655633,Porin,-0.0041041203322373645,BAD_P90RSK_PT359_S363,-0.006303057164969372,p27_pT198,-0.020543303098647978,Y_BOX_BP1,-0.013265104664922653,B-Raf,-0.008324850699648565,Collagen-VI,-0.012093826756397138
HER2_pY1248,0.0015691032055297075,PDHA1,0.0004737748061684685,Akt_pS473,-0.003115310901096527,4E-BP1,-0.011434045231496702,Paxillin,-0.010506765933007391,Chk2,-0.006915623675476949,PARP-cleaved,-0.00014343865750602078,PRAS40_pT246,-0.009531837891051815,PARP-cleaved,-0.002680680302545768,Transglutaminase,-0.004006089482838816,MIG6,-0.0031688671929253932,p27,-0.020427754353102092,LKB1,-0.012906164061623421,COMPLEX_II_SUBUNIT_CORE2,-0.007737691852307803,4E-BP1_pS65,-0.011919438151952396
4E-BP1,0.002049934155948893,TAZ_PS89,0.0005145339521488255,Chk1,-0.0030903286235385964,A-Raf_pS299,-0.011087274514012604,CASPASE3_ACTIVE,-0.009818658716003436,PI3K-p110-alpha,-0.006424273122694868,Collagen-VI,0.0006073080692792676,HER2,-0.008770797935415044,UBIQUITIN_CLONE_P4D1-A11,-0.002329643249591246,DJ1,-0.002263489047895687,XRCC1,-0.002099415768737466,Chk1_pS345,-0.018544837375759286,GSK3-alpha-beta_pS21_S9,-0.012482598634995245,Chk1_pS345,-0.007117271462601462,Rb,-0.011348062915232267
Cyclin-E1,0.002278982323524793,NF-kB-p65_pS536,0.0033600839246357844,C-Raf_pS338,-0.002918849506484696,Bcl2,-0.009911687202464972,Collagen-VI,-0.00800348611548767,ACC1_PS79,-0.0062220545147275985,PEA-15_pS116,0.0011629650742647612,PKC-alpha_pS657,-0.008479691329383877,C-Raf,-0.001177958639233923,ACC1_PS79,-0.0005611296924651343,Chk2_pT68,-0.0020086360378773756,AMPK-alpha,-0.018275931313710747,Collagen-VI,-0.011249084511284823,Cyclin-D1,-0.006508833292425588,Akt_pS473,-0.009166359500804515
XRCC1,0.0024078056602425645,YAP,0.004659762989428368,N-Cadherin,-0.0028012489000679725,YAP,-0.009449608980894388,Chk1_pS345,-0.0063349373474102175,eEF2,-0.006002550186839888,Chk1_pS345,0.0017246046279957912,PDK1_pS241,-0.008178111545982107,EGFR_PY992,0.00076054049476119,p27,0.0035238036766205624,TSC2,0.0007414287197104329,PCNA,-0.016731322361126063,HER2_pY1248,-0.00869240319684984,P70S6K,-0.006073665521940661,Bid,-0.008419420396884229
PDH,0.002661536597324578,Chk1_pS345,0.004857065857098301,4E-BP1_PT37,-0.002167116078776954,PEA-15_pS116,-0.007247556811401628,Bid,-0.0056906157155907,INPP4b,-0.005378969389750468,eEF2,0.0018124459900058817,Bcl2,-0.007603553509957472,PI3K-p110-alpha,0.0010349189603925083,B-Raf,0.0038144876842780683,A-Raf_pS299,0.0019886434307168598,TAZ_PS89,-0.016578021668782257,Rad51,-0.008557663279683679,ER-alpha,-0.005698391084343619,YB1_pS102,-0.007559869351394234
Src_pY527,0.003623676068161102,Mre11,0.005807740174439005,TAZ_PS89,-0.001382522549212011,BIP,-0.004042230906696729,IGFBP2,-0.004708087708092891,Chk2_pT68,-0.005227504857203423,Bcl2,0.0027125604696073623,PEA-15_pS116,-0.007305841244660623,Akt,0.0014231559377093916,PTEN,0.004300282446787959,PRAS40_pT246,0.0027746147868971524,Cyclophilin-D,-0.016533332749031536,COMPLEX_IV_SUBUNITIV,-0.008042043997828128,HER2,-0.00547127684733419,Cyclin-E2,-0.0069792838426484625
COMPLEX_II_SUBUNIT_70_KDA_FP,0.0038566082446720657,Bid,0.007605577956413761,PDHA1,-0.0005389405558263088,Bax,-2.8516258544672365e-05,PEA-15_pS116,-0.003682278650840956,p27_pT157,-0.004537781412866003,Mre11,0.0030593234789546976,Bak,-0.006504685874548521,A-Raf_pS299,0.0034170988496168564,eIF4E,0.004503177839333932,UBIQUITIN_CLONE_P4D1-A11,0.0028153307381242193,HER2,-0.015013277560249333,Bid,-0.007999855372270381,Stathmin,-0.002782387031188949,COMPLEX_IV_SUBUNITIV,-0.006739120872486515
ERCC1,0.00460654647854474,CD20,0.00822328244391613,YB1_pS102,-0.0004387788135060177,ERCC1,6.643196323219099e-05,EGFR_PY992,-0.0033130137486508315,PDHA1,-0.0035681770608273584,AMPKa_pT172,0.0055263233845068704,CD20,-0.006411284447114548,Rab25,0.0035050031672502406,c-Kit,0.0056641369994163615,eEF2,0.004547489753885875,PEA-15_pS116,-0.012507873598828136,PEA-15_pS116,-0.006797361603078709,PKC-alpha_pS657,-0.0023824149234246764,PCNA,-0.0065501935879986395
MAPK_pT202_Y204,0.005731875670659783,COMPLEX_II_SUBUNIT_RIESKE,0.008817145736120795,Snail,0.0008466788103560906,Chk2,0.0015271075231787733,p70-S6K_pT389,-0.0023336400337427682,p27_pT198,-0.003213235459054386,Smad4,0.005803581479414555,Bid,-0.0056557704801597905,MEK1,0.005148207762537262,Cyclin-E2,0.007021069806404848,Chk1_pS345,0.006147980710388873,CD20,-0.01168111798071827,CD31,-0.005726043650838772,p70-S6K_pT389,-0.0011617153178477989,4E-BP1_pT70,-0.0064951738159796935
Rad51,0.005844205574007108,COMPLEX_II_SUBUNIT_70_KDA_FP,0.009078984751400078,Mre11,0.0010323738101653205,LKB1,0.0030682406321416366,CASPASE7_CLEAVED,-0.0013210463054906666,PEA-15,-0.0025658860335522156,Beclin,0.007180439216546304,YAP,-0.005462888834538089,Bak,0.0057945283957316,HER2_pY1248,0.008104644914406916,eIF4E,0.007377732536435646,Y_BOX_BP1,-0.011376763287208262,p27_pT157,-0.005722626735137631,ERCC1,0.00021028881063486554,p27_pT157,-0.006480227014334637
COMPLEX_II_SUBUNIT_NDUFB4,0.00618908115832649,YB1_pS102,0.009700182229962447,BAD_P90RSK_PT359_S363,0.0018163207496349058,CDK1,0.0050131632018476525,PRAS40_pT246,-0.00016063994213795233,MIG6,-0.0019238865702616594,TSC2,0.007784687921651286,Chk2,-0.0042048295694366395,Rad51,0.006295402492030719,TSC2,0.009483264732495503,P62,0.007398515555967579,TSC2,-0.010920956535863113,COMPLEX_II_SUBUNIT_RIESKE,-0.0035940326906677227,p27_pT157,0.0006139682112988755,ATP_SYNTHASE_SUBUNIT_A,-0.00593595077302321
COMPLEX_II_SUBUNIT_CORE2,0.0064896548146074606,Notch1,0.010371424897657699,Porin,0.0020743895855653218,Chk1,0.005313361661885701,MAPK_pT202_Y204,0.0026671499300161675,Bid,-0.000711048257308274,VEGFR-2,0.00826216911652652,Notch1,-0.0030696587877464864,IGFBP2,0.0072363573370266285,PI3K-p110-alpha,0.009703549115624816,PDHA1,0.009348558230587879,MSH6,-0.01092027333407347,4E-BP1,-0.0032287865819675948,eIF4E,0.0025243915357287027,PI3K-p110-alpha,-0.005376104746841478
Rb_pS807_S811,0.006526921617986856,Transglutaminase,0.010679284675956044,ERCC1,0.0026791985687595267,Notch1,0.0055801958894954465,Cyclophilin-D,0.0029243643609742644,PTCH,-0.0003318198889657911,FoxO3a_pS318_S321,0.009622922623578493,VASP,-0.002315772010221763,Bid,0.008493002188917465,53BP1,0.01211652489619541,Beclin,0.00965883935627663,DJ1,-0.010205683276509564,P62,-0.0031845522195758018,TAZ,0.0026495971236095398,GATA3,-0.00493998365892773
P-Cadherin,0.007174207805695169,AMPK-alpha,0.01162011041588296,PKC-alpha,0.0032788463018690083,Src_pY416,0.008818658520935678,Chk2_pT68,0.002934201307947887,Mre11,0.00016757886890953546,ER-alpha_pS118,0.009810379288130429,NF-kB-p65_pS536,-0.0016491295816530433,ER-alpha,0.009514437734170723,PCNA,0.012196200717524168,COMPLEX_II_SUBUNIT_70_KDA_FP,0.009771474969465656,Claudin-7,-0.009840658293589384,MIG6,-0.0022520264997556902,PDK1_pS241,0.003910755343976132,Chk1_pS345,-0.003256058748172225
Rb,0.008642805764296407,A-Raf_pS299,0.011672972942288631,TAZ,0.003587540360844298,ATP_SYNTHASE_SUBUNIT_A,0.00970143631697938,Atg7,0.004587414214913664,CD20,0.0005192995558052287,Chk1,0.010322509029126273,N-Cadherin,-0.0014549463875127345,XRCC1,0.010416422105707028,Bak,0.0127838461847492,4E-BP1,0.01023661816705655,YB1_pS102,-0.008635723477445515,AIF,-0.001055825868313466,YB1_pS102,0.003976058374729707,PTCH,-0.0016559772148452732
PDHA1,0.009104950844748527,p27_pT157,0.011684592258849132,PDH,0.004634881352722224,Chk1_pS345,0.009913309316148037,Bcl-xL,0.005743020275559205,ER-alpha_pS118,0.0011883170524165886,Paxillin,0.01073217675329251,eIF4E,-0.0008930179498642776,CD20,0.011146883588501987,Ku80,0.012990521374429041,ATP_SYNTHASE_SUBUNIT_D,0.010240802332188215,4E-BP1_pS65,-0.00756922105194284,Cyclin-E2,3.074938249560906e-05,TAZ_PS89,0.005418965004876726,AIF,0.0001066144558697496
p21,0.009344294348998108,4E-BP1_PT37,0.01190795330579919,PEA-15_pS116,0.004687944452268222,BAD_P90RSK_PT359_S363,0.010662906548692203,Src_pY527,0.00577323298473473,Notch1,0.0016664498640042008,GSK-3B,0.011850228799881206,4E-BP1_PT37,-0.0008897903032101763,Atg5,0.011404766745520628,S6,0.014490585195464957,PEA-15_pS116,0.01267075248517352,AMPKa_pT172,-0.005718936416271456,Beclin,0.0005255009721765638,COMPLEX_II_SUBUNIT_RIESKE,0.006106421286154311,Rad51,0.001738889680659799
AMPK-alpha,0.009423069534341747,Akt,0.012335036269435551,CD31,0.004694167186356804,FoxO3a_pS318_S321,0.012185411510022719,C-Raf_pS338,0.006121687952307397,Ku80,0.0037171762869795794,4E-BP1_pT70,0.012528283854045193,4E-BP1,-0.0005702832677332225,Mre11,0.011541035786700375,4E-BP1_pT70,0.014947384354897092,ACC1,0.014081495926425087,FoxO3a_pS318_S321,-0.00490939240168608,ERCC1,0.0010260992012800132,4E-BP1_pS65,0.007125939717123733,PR,0.006638918957624998
Cyclin-B1,0.010065489411200187,MIG6,0.01234125787946347,Atg7,0.004831159367895684,HSP70,0.015402324900233494,NF2,0.010256722787900028,NF2,0.0043289802126720185,FoxO3a,0.012555572669269157,EGFR_PY992,0.0012917120445510829,GSK-3B,0.012844974848029347,P-Cadherin,0.01506093092685477,GSK3-alpha-beta_pS21_S9,0.014500480786510297,PDK1_pS241,-0.004654231813008993,eEF2,0.002146221896019862,N-Cadherin,0.007503817192773466,p27,0.006856485725793117
eIF4E,0.010103947954501863,N-Cadherin,0.012546566495917455,AIF,0.005492052165541292,c-Myc,0.01850522329630831,VASP,0.010409891420359085,CASPASE7_CLEAVED,0.005949671270437041,P62,0.0156471351104628,Annexin-1,0.0024085779382721807,CDK1,0.013000773513412193,PDHA1,0.015937288904707653,eEF2K,0.014812472899315313,MEK1_pS217_S221,-0.00438971491335961,ATG12,0.007348094996483118,Porin,0.007810067209772098,Porin,0.00807766227058256
IRS1,0.010224342771817004,Bcl-xL,0.01373190166207276,COMPLEX_II_SUBUNIT_30_KDA_IP,0.00581494820701731,Cyclin-E2,0.019123386898101127,PI3K-p110-alpha,0.011401748511352183,p70-S6K_pT389,0.006099766023425515,ATP_SYNTHASE_SUBUNIT_A,0.015719328858940163,p21,0.003995348587248976,eIF4E,0.013112152662872776,Stathmin,0.016235363156503257,p38_MAPK,0.014823625394949963,Rab25,-0.004236276517009573,Caveolin-1,0.007773660786634905,Mre11,0.00829475788844498,4E-BP1,0.008709847214894336
ATM,0.010634868163272132,PI3K-p110-alpha,0.013889039283754574,MAPK_pT202_Y204,0.00687802967109579,53BP1,0.020851555245612836,Chk1,0.012977488386317177,TAZ,0.006285640338718737,PDHA1,0.016198503959886174,c-Jun_pS73,0.007523962440357249,TSC2,0.01419751085349431,MSH2,0.016400797110205832,4E-BP1_pT70,0.015103406238702453,S6,-0.003399068284410276,JNK2,0.008012843714106134,FAK,0.008341569097493447,MAPK_pT202_Y204,0.011396821379988356
Bid,0.010793148062242346,Src_pY416,0.0142442805981074,PKC-alpha_pS657,0.0071705714410954455,TAZ,0.02172408239339831,CDK1,0.013725532325112975,MEK1_pS217_S221,0.0064620772553475,Notch1,0.016740209741659285,FoxO3a_pS318_S321,0.00946712752534996,Bcl2,0.01439244260991458,VEGFR-2,0.017144600576080894,TAZ,0.01660477228203772,eEF2,-0.0011220225160236724,PTEN,0.009405951838432666,4E-BP1_PT37,0.008547933047292317,eEF2K,0.013027209158910846
Chk2_pT68,0.01117569791251473,PTEN,0.014722462507817311,CD20,0.0077043291491312935,Cyclin-E1,0.02329110200836264,ATP_SYNTHASE_SUBUNIT_A,0.016613979841914657,p27,0.00735682434881814,P70S6K,0.01741339925465228,p27_pT198,0.009553359554786896,TAZ,0.015725968895984384,LKB1,0.01742342545304754,LKB1,0.017557968974510688,p53,-0.00034235893687240747,EGFR_PY992,0.010375685059740833,c-Kit,0.010046808561599702,ACC1,0.01351398293695914
Bak,0.01134647667336009,PDH,0.01481343260567874,c-Myc,0.010103649167448008,p21,0.023685668262489763,PKC-alpha,0.016921749164768376,Rad51,0.007385347410114058,FAK,0.018162952309911655,IRS1,0.009981214597538332,p38_MAPK,0.017044680631747768,p21,0.01886678626200626,ATG12,0.01899589550409038,TAZ,0.00027253800054760977,Chk1,0.011705674689508077,GSK3-alpha-beta_pS21_S9,0.01103128130038921,P70S6K,0.014286393730723698
BAD_P90RSK_PT359_S363,0.013051682042140486,Stathmin,0.015424262879962593,JNK2,0.010197576633857425,Smad4,0.02402358147807969,Annexin-1,0.018044742233222458,53BP1,0.007770372238844903,IRS1,0.018354479958370928,Chk2_pT68,0.011706455712721308,B-Raf,0.01712200771648843,INPP4b,0.02007588007156644,VASP,0.021388201751734965,Cyclin-E2,0.0008386704860520428,c-Jun_pS73,0.012948156178296748,E-Cadherin,0.011047610191002599,NF-kB-p65_pS536,0.01492621732421116
4E-BP1_pS65,0.013413516073543824,Snail,0.015717827443995126,Cyclin-E2,0.01022671115211403,CD31,0.025172904567578844,MIG6,0.01892543389887763,Caveolin-1,0.008264334907776666,Cyclin-E2,0.020507823314467495,TAZ_PS89,0.011707914930096269,PEA-15_pS116,0.017796557533937583,C-Raf,0.020357639385371225,p27_pT157,0.021471335354822815,p27_pT157,0.0014297662637554427,VEGFR-2,0.013354080892505036,COMPLEX_II_SUBUNIT_30_KDA_IP,0.011928184588869888,CASPASE7_CLEAVED,0.01671321190058482
NF-kB-p65_pS536,0.013805480466632292,FAK,0.015964816296304144,KRAS,0.010271802229664732,PRAS40_pT246,0.026185088227613475,STAT5-alpha,0.023009320925020494,p38_MAPK,0.009019603492385104,53BP1,0.02063224804996388,p27_pT157,0.011978965865347722,Cyclin-E2,0.018685637721926544,ACC1,0.021635686843712573,Bak,0.02482558192534274,Chk1,0.0015447588366983773,YAP_pS127,0.013648813197100517,VASP,0.013011935376748199,XRCC1,0.017752661648397547
p38-MAPK_pT180_Y182,0.014177142397025744,EGFR_PY992,0.01715994873450736,XRCC1,0.010581265020309743,Bid,0.026721681231072703,NF-kB-p65_pS536,0.023702609039790615,GSK3-alpha-beta_pS21_S9,0.009613472609312725,Src_pY416,0.021150723753170276,HSP70,0.01239732956546825,PDHA1,0.01916693057496252,p70-S6K_pT389,0.02202982527140723,CD20,0.024994140577131646,Mre11,0.003564045202624761,c-Myc,0.014258360900754209,EGFR,0.016047633297018093,Chk2_pT68,0.017813687237233977
DJ1,0.014500504337363416,p21,0.017394222506861123,c-Jun_pS73,0.010985269846043458,JNK2,0.027330150674188553,YB1_pS102,0.02472324940201465,FoxO3a,0.010422116258190823,Src,0.021251282135073202,Collagen-VI,0.013518463708551991,4E-BP1,0.019256198894282737,Smad4,0.024095607852711295,Mre11,0.02587418985472122,A-Raf_pS299,0.0042792162121131905,PRAS40_pT246,0.014644838241569397,4E-BP1,0.018498580559514186,PRAS40_pT246,0.01832065950404895
B-Raf,0.014687036010449375,STAT5-alpha,0.019771291805734035,FoxO3a_pS318_S321,0.01237616236862668,Mre11,0.02833449488511675,A-Raf_pS299,0.026477738943221443,ERCC1,0.010486137367739946,Transglutaminase,0.022090604820004835,Chk1_pS345,0.013643405507719822,ACC1,0.02074112039711906,E-Cadherin,0.02638748397481504,ER-alpha_pS118,0.02797638903494576,XRCC1,0.004306119024024306,PDK1_pS241,0.014686880646828026,Beclin,0.020330463694759753,FoxO3a_pS318_S321,0.018781941809337593
GSK-3B,0.015797527791928858,Bax,0.01986253035236956,Smad4,0.013241759799473968,AIF,0.0286610393695013,ATG12,0.028022213641740464,Cyclophilin-D,0.010736839196801084,PDK1_pS241,0.022964299676571383,XRCC1,0.013645265039543181,LKB1,0.020953393471108965,MEK1_pS217_S221,0.026824291517505455,CASPASE7_CLEAVED,0.02969155668542779,ER-alpha_pS118,0.004770321648937811,p38_MAPK,0.014789408688420044,Chk1,0.02196417839210648,COMPLEX_II_SUBUNIT_70_KDA_FP,0.019280018378229236
ATG12,0.016029725692829976,FoxO3a_pS318_S321,0.019942554842915492,COMPLEX_IV_SUBUNITIV,0.013328061674360703,CASPASE3_ACTIVE,0.029382406669866214,Src,0.0289876597870532,AMPKa_pT172,0.012933595564982747,YAP_pS127,0.02324524169829105,c-Myc,0.014801215357410885,Transglutaminase,0.021286444372039342,ER-alpha_pS118,0.02850204723720638,beta-Catenin,0.029930949525817107,Notch1,0.010722206530858371,ATP_SYNTHASE_SUBUNIT_D,0.016768947729431716,Rab25,0.02223296426434273,AIB1,0.022778564643600892
Atg5,0.016238083491509413,AIF,0.02051036752589409,UBIQUITIN_CLONE_P4D1-A11,0.01366509376805911,p27_pT157,0.030965497757067056,TSC2,0.029886346415483635,MEK1,0.015023360149438484,4E-BP1_PT37,0.024854596640188187,Bax,0.015855331686037505,p27_pT157,0.021696127992634595,Bid,0.02955777979995481,AMPK-alpha,0.030430592454204954,N-Cadherin,0.011253462728909784,YB1_pS102,0.01692555086782924,Atg7,0.02642353134619274,COMPLEX_IV_SUBUNIT1,0.027152711265691874
4E-BP1_pT70,0.018156873715917565,KRAS,0.022312928313631762,COMPLEX_II_SUBUNIT_RIESKE,0.013695643186600177,KRAS,0.03169256890436773,Cyclin-D1,0.032828499381438836,YAP,0.015418850054030226,N-Cadherin,0.026289729374237358,Cyclin-B1,0.01605648114716029,INPP4b,0.023641357760186086,ATP_SYNTHASE_SUBUNIT_D,0.0347411549824835,PEA-15,0.030642144783135882,PEA-15,0.012146053006372667,ATP_SYNTHASE_SUBUNIT_A,0.017596202263122418,PEA-15_pS116,0.026547453475776434,PEA-15,0.027553350018480208
PI3K-p85,0.018407862262701944,eIF4E,0.022560613010888162,HER2_pY1248,0.013780267114623967,COMPLEX_II_SUBUNIT_NDUFB4,0.031733453684590074,Stat3_pY705,0.033590577863764154,XRCC1,0.015728277115577814,Cox2,0.02843999702511736,CASPASE3_ACTIVE,0.017400455014019656,PEA-15,0.024122689475645845,GATA3,0.037795563022009246,p70-S6K_pT389,0.032303212800555516,YAP,0.012301714316286426,Smad4,0.018612857401358103,Bax,0.027275831665516947,DJ1,0.028263157130836387
Bcl2,0.018875460235342634,beta-Catenin,0.022648900980449433,Cox2,0.014317550934937742,Snail,0.0319920831065396,PCNA,0.03423350530228673,COMPLEX_II_SUBUNIT_RIESKE,0.01810458739104373,GSK3-alpha-beta_pS21_S9,0.028733351378153044,TSC2,0.017531027725001844,Chk1_pS345,0.024632075711352005,Src_pY416,0.03961309626678693,EGFR_PY992,0.03246763746181997,4E-BP1_PT37,0.01332042109976514,VASP,0.021581390842543357,ATG12,0.0329731543138011,Atg7,0.02875742890793323
Snail,0.019389627713837843,JNK2,0.02296560701278801,c-Kit,0.015685057035627614,COMPLEX_II_SUBUNIT_CORE2,0.03373222392772579,Akt,0.0353622443755979,C-Raf_pS338,0.018775053826230452,COMPLEX_II_SUBUNIT_30_KDA_IP,0.030593958735327612,Atg7,0.01797171338092779,MEK1_pS217_S221,0.0249266346229242,p38_MAPK,0.04055531960479483,PI3K-p85,0.03329340422714774,PI3K-p110-alpha,0.013441795990982795,KRAS,0.021642128762170827,MSH6,0.034832483479221715,TAZ_PS89,0.03440088471379473
eEF2,0.01941014050853609,p27,0.023997002660377104,p27_pT157,0.017495891930231777,Bak,0.033915495009716794,NFKB-P65,0.03784658320988524,Smad4,0.019487823908455798,COMPLEX_II_SUBUNIT_70_KDA_FP,0.030627440962093733,Cyclin-E1,0.018514549357637255,MIG6,0.026469289824503278,Bcl2,0.04472703429258458,IRS1,0.034167357015371706,4E-BP1_pT70,0.014975484847061474,PDH,0.021907233000250114,Bid,0.03593549425655617,LKB1,0.03522003507887828
Ku80,0.01941168529241114,CD31,0.024082839150599063,PI3K-p110-alpha,0.017921427644629926,CD20,0.036411847588845754,YAP,0.03797239645116098,ATG12,0.020020674225723185,MEK1_pS217_S221,0.03086859502767754,Src_pY416,0.018604149687392747,YAP,0.02660580756343569,eEF2K,0.04578179140738646,Bid,0.034576908474853583,Chk2_pT68,0.015241755928869656,Porin,0.02385339375845911,CASPASE3_ACTIVE,0.03611591956427003,BIP,0.035368832072922955
ATP_SYNTHASE_SUBUNIT_D,0.019980670458851445,Stat3_pY705,0.024185662734680428,Rad51,0.018852500281878893,YB1_pS102,0.03672348087241336,eEF2K,0.03799554479826463,Cyclin-D1,0.020714892527517445,Porin,0.031060814872029007,eEF2K,0.01869062270927829,CASPASE3_ACTIVE,0.03095928335795239,AIF,0.04950552917979073,COMPLEX_II_SUBUNIT_30_KDA_IP,0.03493497112301145,COMPLEX_II_SUBUNIT_CORE2,0.01611320263708559,Atg5,0.02649890064113212,EGFR_PY992,0.03624294001107629,Cox2,0.03705723139559193
C-Raf,0.022355203737501713,HER2_pY1248,0.024653735962020595,S6,0.01915251276781582,EGFR_PY992,0.03707255336561811,PI3K-p85,0.03890199819590191,A-Raf_pS299,0.021720828819777122,HSP70,0.03254096782122269,IGFBP2,0.019493485842439047,PTCH,0.03201089873426166,GSK3-alpha-beta_pS21_S9,0.04965867130703153,STAT5-alpha,0.036054916317564,Cox2,0.019716375093979343,Cyclin-D1,0.026688766158602058,PDHA1,0.037816344667879136,Y_BOX_BP1,0.040655177460591475
C-Raf_pS338,0.022919341647693735,Cyclin-E2,0.024809455390627243,Bax,0.019222027787479234,p27_pT198,0.037447366994801716,Ku80,0.039261764836326686,PARP-cleaved,0.023353159543607296,Ku80,0.035372807367938915,Chk1,0.020656929608445167,Paxillin,0.03472525369751738,p38-MAPK_pT180_Y182,0.05113718637044041,Rab25,0.03739179834167634,eIF4E,0.020334379379758544,MEK1_pS217_S221,0.026986052349532063,4E-BP1_pT70,0.03798159767956996,c-Kit,0.04072973971627247
Akt,0.022956633213207737,COMPLEX_II_SUBUNIT_NDUFB4,0.025262451774014847,DJ1,0.019374428586419204,c-Jun_pS73,0.038896425471384645,4E-BP1,0.03952641625306751,AIB1,0.024191873738021827,BIP,0.03556220406298615,BAD_P90RSK_PT359_S363,0.02128386481597359,Src_pY416,0.03574319497756332,ATP_SYNTHASE_SUBUNIT_A,0.05246757725865739,Porin,0.04151952581077128,Bim,0.021987758883225385,AMPK-alpha,0.027557116464995368,C-Raf_pS338,0.0393644957547751,C-Raf,0.04542486795572418
EGFR_PY992,0.024499167161831623,Paxillin,0.027522279930495802,FAK,0.0208142272634756,COMPLEX_II_SUBUNIT_70_KDA_FP,0.03926394547417699,PKC-alpha_pS657,0.040116264648464815,PKC-alpha,0.025013431089260758,p21,0.03591529316366891,Paxillin,0.022783105793740346,TAZ_PS89,0.03714789097065559,PDK1_pS241,0.05350170848704815,PDK1_pS241,0.0436815241804737,COMPLEX_IV_SUBUNIT1,0.02252242559682,Src_pY527,0.031681808495790026,BAD_P90RSK_PT359_S363,0.0398135080925973,c-Myc,0.04786765473098984
MEK1,0.025491788761726607,p38_MAPK,0.027743261229920914,VEGFR-2,0.02100919532502044,PDH,0.0398459888762912,p27,0.04099526872388662,Porin,0.025252939686621675,Notch3,0.039883231336807975,GSK3-alpha-beta_pS21_S9,0.0247166889072278,PCNA,0.038027697747384445,IGF1R-b,0.053833146773481104,AMPKa_pT172,0.04781703320266503,EGFR,0.022581172155076296,eEF2K,0.034284603547139816,Paxillin,0.040302668930532394,Snail,0.05109091835102494
S6,0.0255997575076507,VASP,0.028708035332024696,Collagen-VI,0.021534113527205977,Src,0.04175828483143817,AMPK-alpha,0.04115577093513183,PKC-alpha_pS657,0.026172861869705848,GATA3,0.04297068706642001,P-Cadherin,0.027426599541935773,ATG12,0.03859930550892714,BAD_P90RSK_PT359_S363,0.057956267744464524,FoxO3a,0.048749033290993234,c-Jun_pS73,0.02464382860611823,Akt,0.03526964901853466,ATM,0.04327863800873875,eIF4E,0.053246523551261186
IGF1R-b,0.026652438889317447,C-Raf,0.02903527673140665,Chk1_pS345,0.0222137849507893,TAZ_PS89,0.04195700348099835,4E-BP1_pT70,0.04343845106676575,Cyclin-B1,0.027049849145694325,4E-BP1,0.043638203454570736,IGF1R-b,0.02867312813090942,Chk2_pT68,0.042132522246876775,EGFR,0.05841472984192273,Bcl2,0.04937263695735352,COMPLEX_II_SUBUNIT_30_KDA_IP,0.02465964503240722,Notch1,0.038326237927080224,IRS1,0.04422985355635645,STAT5-alpha,0.05418379236689019
ACC1_PS79,0.032551029512967414,p38-MAPK_pT180_Y182,0.029432134702911675,PI3K-p85,0.02353556706696361,FoxO3a,0.042360405152360205,Stathmin,0.05332861551306975,JNK2,0.02709528084827576,p27_pT198,0.045065516142135546,4E-BP1_pT70,0.03004374168276537,53BP1,0.0421444671533464,VASP,0.058796860249047594,Bim,0.05189269836117439,p38_MAPK,0.02538255207246417,Snail,0.03991348028337053,Bak,0.04482640822686548,ACC1_PS79,0.05597933111299295
PRAS40_pT246,0.034426346508789486,PRAS40_pT246,0.031419427924971426,COMPLEX_II_SUBUNIT_70_KDA_FP,0.023919026188326895,Stat3_pY705,0.042834951381655474,MEK1_pS217_S221,0.053447335953327166,COMPLEX_IV_SUBUNITIV,0.027163441021911875,LKB1,0.049950146088473715,Stathmin,0.03147942018819629,COMPLEX_II_SUBUNIT_30_KDA_IP,0.04265618898065216,Claudin-7,0.059341897024967345,JNK2,0.05300091436183182,Bid,0.02864751296971588,p38-MAPK_pT180_Y182,0.04096809204622101,PRAS40_pT246,0.04892473617200554,PDK1_pS241,0.05804564995455269
TSC2,0.035316844408051704,Atg7,0.035038402459723964,p21,0.024905295433984297,XRCC1,0.04355076108915806,p38_MAPK,0.057632154132000325,COMPLEX_II_SUBUNIT_30_KDA_IP,0.027766340233779434,MEK1,0.05347455882659193,Cyclin-E2,0.03189904708535357,Y_BOX_BP1,0.043814583328367185,ERCC1,0.059624070722592064,HSP70,0.054569142094801786,Akt_pS473,0.029247342412272462,CDK1,0.041025554575522566,p21,0.04952377563931444,B-Raf,0.05879336608309319
AIB1,0.03627369452854839,Src,0.03523565535969186,Src,0.026675802055333823,COMPLEX_II_SUBUNIT_RIESKE,0.04727080424080861,eEF2,0.058287379725933376,AIF,0.02949854179107199,TAZ_PS89,0.05593895985140931,beta-Catenin,0.032158755186205874,Stathmin,0.043833527242152566,Src,0.06070929406184727,MEK1_pS217_S221,0.05783068960976293,BAD_P90RSK_PT359_S363,0.030420081596883614,TSC2,0.04145049580965003,53BP1,0.051695817909247314,PARP-cleaved,0.05982277538138418
A-Raf_pS299,0.03638010483544736,CASPASE7_CLEAVED,0.03537961397518015,IRS1,0.02678959808733117,COMPLEX_IV_SUBUNITIV,0.04986967199611081,C-Raf,0.061111792711261374,Bak,0.02953858984046089,P-Cadherin,0.057867924947625486,MSH6,0.04036063526087241,Rb_pS807_S811,0.044197667548957584,Cyclin-D1,0.062381261907265236,P-Cadherin,0.06219438557733688,Bak,0.03212925357064181,COMPLEX_II_SUBUNIT_NDUFB4,0.041923295362644844,INPP4b,0.05195771716610092,Src_pY416,0.06074343634053192
c-Kit,0.03687899868853225,p70-S6K_pT389,0.04181210536399256,PCNA,0.028002867213079357,PARP-cleaved,0.05058422326972187,S6,0.0666429529680891,Bcl-xL,0.030141287296604116,4E-BP1_pS65,0.05810847730944296,AMPK-alpha,0.04057629538053409,4E-BP1_pS65,0.044293932246842374,beta-Catenin,0.06617384000323437,p21,0.06406561161227407,JNK2,0.03366916883447856,p21,0.0424085902534248,C-Raf,0.05232920718353721,PDHA1,0.06089732819649093
Atg7,0.03745208030966116,ACC1,0.042860752617567305,eIF4E,0.028120646796935305,4E-BP1_PT37,0.05102101446856237,PEA-15,0.06812837226752903,COMPLEX_II_SUBUNIT_CORE2,0.030572495290641752,DJ1,0.058979639276789377,ATG12,0.04065849153780632,ATM,0.04433657923639423,COMPLEX_II_SUBUNIT_30_KDA_IP,0.06619432537293102,Bax,0.0672570372653233,Rb_pS807_S811,0.034549314557759205,NF-kB-p65_pS536,0.04706673854460976,p27_pT198,0.05373638381282729,Cyclin-E1,0.06161309642973977
COMPLEX_IV_SUBUNIT1,0.03758862421065762,MAPK_pT202_Y204,0.04323945078658639,FoxO3a,0.028585967156779427,N-Cadherin,0.05140962481188996,B-Raf,0.068768005688627,DJ1,0.030782940336956943,Atg7,0.05972439295639801,eEF2,0.04138179199297467,4E-BP1_pT70,0.04449719828453673,MEK1,0.06707075090775888,Atg5,0.06787543491401997,FoxO3a,0.03559742708062761,A-Raf_pS299,0.04841893260764822,ER-alpha_pS118,0.05506148898783004,Bcl-xL,0.06275254190384166
Cyclophilin-D,0.045265319890688785,Cox2,0.04469477815986561,4E-BP1,0.028941752312382683,ATP_SYNTHASE_SUBUNIT_D,0.0525127509755554,PDK1_pS241,0.06923830366028576,BAD_P90RSK_PT359_S363,0.03147823515924179,Akt,0.06280103358845673,Atg5,0.04140744449330336,BAD_P90RSK_PT359_S363,0.04512606472999112,Rad51,0.06853160801198241,p27,0.06837108951097241,CDK1,0.039798899279912765,Src_pY416,0.04961348484810857,LKB1,0.055862966032664725,PKC-alpha,0.06941077853565354
HER2,0.048400258966402446,p53,0.047771418044964695,MEK1_pS217_S221,0.02907030385420462,Chk2_pT68,0.05335204875076212,Cyclin-E1,0.07162426866745623,VASP,0.03182767036445166,NF2,0.06481791738283897,Rad51,0.04392681664178063,GSK3-alpha-beta_pS21_S9,0.04968176163737028,AIB1,0.06995049146798396,IGFBP2,0.06941344983364722,Bcl-xL,0.041561770695487256,p27_pT198,0.05020019112292902,Atg5,0.05630989400460992,Rb_pS807_S811,0.07136100640673355
PDK1_pS241,0.04913161795758771,Akt_pS473,0.04825836773587787,GSK3-alpha-beta_pS21_S9,0.03007570167235095,Cyclophilin-D,0.056545674217379896,p53,0.07353268014435448,Atg7,0.033205489349861,p27,0.06602446006852503,EGFR,0.04815863463075181,Stat3_pY705,0.0518923664216365,COMPLEX_IV_SUBUNITIV,0.06996576440716445,HER2_pY1248,0.07013838639497225,p21,0.043060373931954415,PTCH,0.050238127998569186,Akt,0.05874467510530766,Beclin,0.0782177111262565
ACC1,0.05281686139745778,BIP,0.05388268330196672,GSK-3B,0.030077162112447264,HER2,0.05853237588514978,Atg5,0.07417288655861322,HER2_pY1248,0.034461288787549005,C-Raf,0.07124589975347263,YB1_pS102,0.0514220566516365,MAPK_pT202_Y204,0.052770047040907,A-Raf_pS299,0.07029176910561619,DJ1,0.07350961391334711,HER2_pY1248,0.04314932775658463,C-Raf,0.051598135556194386,ACC1,0.058766304300959,MSH2,0.08078574822870625
ATP_SYNTHASE_SUBUNIT_A,0.05355604703996376,ER-alpha_pS118,0.05391045856570892,p38_MAPK,0.030473055985917447,Collagen-VI,0.05944091281189399,eIF4E,0.07873585372564476,PDH,0.034939034698818115,PTCH,0.07329787505323335,CDK1,0.051584552107743695,YB1_pS102,0.05361173379072839,P62,0.0705309480566691,Ku80,0.07367664275047937,IGFBP2,0.04623462968619743,HER2,0.052559610401500825,Collagen-VI,0.06266734049561719,PTEN,0.08465482647978605
Akt_pT308,0.05427559430918296,INPP4b,0.05977484333054662,C-Raf,0.03304276906626241,EGFR,0.061485726463488974,4E-BP1_pS65,0.07962881469614946,KRAS,0.037744654054665885,IGFBP2,0.08318092895204379,PCNA,0.05279635807643498,ACC1_PS79,0.05375514654735755,Bax,0.07169558447139462,MAPK_pT202_Y204,0.07395516236488628,Bax,0.04691318010051272,PR,0.05324061292294799,Stat3_pY705,0.06524914441186885,Annexin-1,0.08791096471821845
p27,0.05480286222270751,NFKB-P65,0.06026567396395645,P70S6K,0.03394886204243152,HER2_pY1248,0.06829642177586269,AMPKa_pT172,0.08319766078222379,eIF4E,0.03917219858140924,Y_BOX_BP1,0.0842339799142152,C-Raf,0.05423412712994946,Chk1,0.055198011339073774,PARP-cleaved,0.07344925999525717,NFKB-P65,0.07536306569121587,eEF2K,0.04918118829756424,MEK1,0.054099032805311226,Snail,0.06556239260852297,AR,0.09008217947260479
GSK3-alpha-beta_pS21_S9,0.05487952138986742,IRS1,0.06117530936243912,Paxillin,0.03470804544834866,COMPLEX_II_SUBUNIT_30_KDA_IP,0.0728468784725879,DJ1,0.0883797160152486,Akt_pT308,0.039573114332955794,YB1_pS102,0.0914936134195429,B-Raf,0.05477130064268003,C-Raf_pS338,0.05837702981528511,COMPLEX_II_SUBUNIT_NDUFB4,0.07547621696600915,ATP_SYNTHASE_SUBUNIT_A,0.0804513699309326,P-Cadherin,0.05038472333697037,FAK,0.05866375993236338,A-Raf_pS299,0.06817317808288736,NFKB-P65,0.09513984992103951
Bim,0.060166012701250826,PDK1_pS241,0.06120383946553747,AMPK-alpha,0.0367539114256697,IGFBP2,0.07508266668407146,MEK1,0.0920974805450407,P62,0.04230025789598956,Cyclin-D1,0.10028957709494057,Stat3_pY705,0.055037592526502185,HSP70,0.05951980555886391,MIG6,0.07778316048091942,Bcl-xL,0.08102826657236646,IGF1R-b,0.050853853179860894,Cyclin-B1,0.05909701687396861,Cox2,0.06881240986197153,GSK-3B,0.0954547354847865
INPP4b,0.06028015586620547,P70S6K,0.06133477971996423,CDK1,0.03774375890359336,Rab25,0.08046442300475251,Rab25,0.09419558939012398,EGFR_PY992,0.045192003403040124,ATM,0.10096045073719372,Akt,0.05519297942769083,IGF1R-b,0.06148909117970657,COMPLEX_II_SUBUNIT_70_KDA_FP,0.07821177897767487,Akt_pT308,0.08317178093000839,Cyclin-B1,0.0595679748458271,BAD_P90RSK_PT359_S363,0.0609353565352182,ACC1_PS79,0.0688982963206904,Rab25,0.0983528811891843
NF2,0.06259191110475001,Notch3,0.06635712127016682,IGF1R-b,0.03817089360987178,Annexin-1,0.08155494993542023,GSK-3B,0.09462808100533814,CD31,0.046349227695233156,PKC-alpha,0.10168719115455202,FoxO3a,0.055986432916919446,beta-Catenin,0.06176432537328785,Paxillin,0.08028689056694117,Rb,0.08613962303512646,VEGFR-2,0.0627369553809951,AMPKa_pT172,0.06378274776790387,eEF2,0.06889893357337108,S6,0.10210376470111822
p70-S6K_pT389,0.06449619393690219,Rab25,0.07282677348296816,p70-S6K_pT389,0.03888801363423456,PDHA1,0.08249898514525365,E-Cadherin,0.10093020172260553,PRAS40_pT246,0.04726408088135759,PI3K-p85,0.10200474738342462,GSK-3B,0.05698930480238331,COMPLEX_II_SUBUNIT_70_KDA_FP,0.06259436241525553,EGFR_PY992,0.08061440156832288,COMPLEX_IV_SUBUNIT1,0.0882977682913383,COMPLEX_II_SUBUNIT_70_KDA_FP,0.06395375029623776,Rb,0.06397814665019047,Y_BOX_BP1,0.06939074526419814,AMPKa_pT172,0.10878726779268513
Akt_pS473,0.06782629902545255,ACC1_PS79,0.07596085577304607,PEA-15,0.04258411417033773,Porin,0.08728581804548152,Akt_pT308,0.10226210380266715,Cyclin-E1,0.04832816310473877,ACC1_PS79,0.10921169322790392,C-Raf_pS338,0.06213939207556474,FoxO3a_pS318_S321,0.0708161797938284,Rb,0.08204533453171264,ER-alpha,0.09441928907633429,p70-S6K_pT389,0.06672278261034734,S6,0.07318527342198503,Notch1,0.07235311903486297,Src,0.1104243772684796
Cyclin-D1,0.07192933112827006,PKC-alpha,0.07917805370952669,Akt_pT308,0.0446574493109678,Notch3,0.09067996565914582,ACC1_PS79,0.10900473620124246,PDK1_pS241,0.05155621553573069,COMPLEX_IV_SUBUNIT1,0.11679719890263318,ER-alpha_pS118,0.06309734369049048,Cox2,0.07113064412753785,GSK-3B,0.08423196766106217,Annexin-1,0.09687421089229672,Ku80,0.07219386835955441,B-Raf,0.07408676518930261,VEGFR-2,0.07934248852015718,Paxillin,0.11327747564982132
ER-alpha_pS118,0.07984303434004465,AMPKa_pT172,0.08454851680618831,4E-BP1_pT70,0.049094522740777614,CASPASE7_CLEAVED,0.09405328785650686,Src_pY416,0.11566390483495011,Atg5,0.053991924286436635,Rb_pS807_S811,0.11737527846819998,Notch3,0.06718126093291704,MSH2,0.07116325721636738,PDH,0.08532896723259795,VEGFR-2,0.10144346703788018,VASP,0.0730574984420478,ER-alpha,0.07876440729257779,Src_pY527,0.08062364442358715,Chk2,0.11607153369808586
eEF2K,0.082001438379935,PKC-alpha_pS657,0.0958845021117203,Beclin,0.05084771593192292,P-Cadherin,0.09863414540282392,GSK3-alpha-beta_pS21_S9,0.11653541207830197,VEGFR-2,0.05598155457847482,PKC-alpha_pS657,0.12618393985153248,Src_pY527,0.07046846625211652,p38-MAPK_pT180_Y182,0.07277445078663317,COMPLEX_II_SUBUNIT_RIESKE,0.08881598112904157,AR,0.10398705473447807,NF2,0.07690255470815506,MAPK_pT202_Y204,0.08077208354493479,eEF2K,0.08196251420363856,Src_pY527,0.11989568582347127
beta-Catenin,0.08202759436158,YAP_pS127,0.09719752597698059,YAP_pS127,0.06213834638205957,c-Kit,0.10155678681912124,p38-MAPK_pT180_Y182,0.11832720263279327,BIP,0.056671623247045,ER-alpha,0.12823650574747164,MSH2,0.07107707444926605,NF-kB-p65_pS536,0.0926887901324694,Akt_pS473,0.08990274116583938,c-Kit,0.10954964867182197,EGFR_PY992,0.08135889803971937,Rb_pS807_S811,0.09136762161262535,GATA3,0.08984356802902649,Akt,0.1208628196103534
IGFBP2,0.08958468760724118,AR,0.10012178922213262,AR,0.06666231877243174,Akt_pT308,0.10774879194403325,Cyclin-B1,0.12425831264009929,Rb_pS807_S811,0.05749817377817903,c-Kit,0.13108220626407896,INPP4b,0.08453895486441933,S6,0.10054456005430593,YAP_pS127,0.09258071287555138,Akt,0.11162641069770585,BIP,0.08532557323574276,ACC1,0.09201792558155647,PTCH,0.09390023324535096,Claudin-7,0.13200745296173427
Notch3,0.09113336505224655,EGFR,0.1028341913611003,eEF2,0.07103130356496806,AR,0.11213093182284921,ACC1,0.13120698805859282,PTEN,0.05803200726254373,UBIQUITIN_CLONE_P4D1-A11,0.13866622313599472,4E-BP1_pS65,0.0869960695277885,Beclin,0.11140596409950462,KRAS,0.09729940291769645,Rb_pS807_S811,0.11414106680168355,ATP_SYNTHASE_SUBUNIT_A,0.08790849134583151,53BP1,0.09269024001614194,BIP,0.0980278970130067,TSC2,0.13831387789126665
Chk2,0.09644399467747464,VEGFR-2,0.11408261577272535,NFKB-P65,0.07113550624039883,COMPLEX_IV_SUBUNIT1,0.11303526214867664,VEGFR-2,0.13913676234806152,ATP_SYNTHASE_SUBUNIT_D,0.05834274249430882,Cyclin-B1,0.13913744441334422,GATA3,0.09463609099183379,Claudin-7,0.11495917670717276,COMPLEX_II_SUBUNIT_CORE2,0.10141354255556803,Transglutaminase,0.12823884066794983,beta-Catenin,0.0944583929329687,Akt_pS473,0.09295823421867991,AIB1,0.10570656274622142,NF2,0.14048103241125812
P70S6K,0.10470633228673883,HER2,0.13981530272595694,PDK1_pS241,0.07631939961300008,UBIQUITIN_CLONE_P4D1-A11,0.12374723785763331,Chk2,0.13990225396467926,ATP_SYNTHASE_SUBUNIT_A,0.05964338995365813,Akt_pT308,0.14114823523414363,S6,0.10031286061442105,NFKB-P65,0.1279284870413082,CD31,0.11723726132664344,MEK1,0.1355155096383828,YAP_pS127,0.09661455310289396,ACC1_PS79,0.10017873589891323,c-Myc,0.11435825506900121,Cyclophilin-D,0.14740485621413832
Rab25,0.13567625872423075,GATA3,0.14665498568453844,Akt,0.08089004243098682,Akt_pS473,0.12884790493876708,Claudin-7,0.14254161075267696,Src,0.06829958649561207,HER2,0.1841872364730066,AIB1,0.10523516768332002,MSH6,0.1298753882557978,ATM,0.12238219420568519,P70S6K,0.13725334552660873,PDHA1,0.09822607272607783,4E-BP1_pT70,0.10051708867446743,COMPLEX_IV_SUBUNIT1,0.12988109128225186,PKC-alpha_pS657,0.15629399488934165
GATA3,0.14508987227480694,E-Cadherin,0.17003290781400943,AMPKa_pT172,0.08790147021875709,Src_pY527,0.12973270152733005,YAP_pS127,0.14818090352816418,eEF2K,0.08152864456017749,beta-Catenin,0.22724334250599973,Caveolin-1,0.11057087515088082,p53,0.14021089453865024,Bim,0.1368759185787975,Cyclophilin-D,0.13749443237267206,PRAS40_pT246,0.09847625920738012,4E-BP1_pS65,0.11905331824251521,Src_pY416,0.1343933748766366,MSH6,0.16930057988634387
AR,0.165775175468858,Claudin-7,0.18578852006386265,ACC1,0.09411429853710565,Bim,0.13899122342069709,Notch3,0.15677597319069317,Rb,0.08772081023479543,ACC1,0.22882754350506476,ER-alpha,0.17815522119255445,YAP_pS127,0.19176713595615738,Chk2,0.17143676317290482,E-Cadherin,0.17278139944491622,STAT5-alpha,0.10713559969282987,Paxillin,0.11990019739704082,UBIQUITIN_CLONE_P4D1-A11,0.1369713268387146,VEGFR-2,0.1767164050009526
E-Cadherin,0.24967357633214657,Annexin-1,0.20993315049619804,ACC1_PS79,0.10908578616315578,E-Cadherin,0.14013066185872713,AR,0.1614029301626252,ER-alpha,0.11420117682634684,Caveolin-1,0.2532248420352926,Bim,0.20897162712441117,HER2,0.28075163036689527,PRAS40_pT246,0.17225570768586992,PTEN,0.17470844072372665,Caveolin-1,0.1281223650283953,E-Cadherin,0.13845221484127523,S6,0.1496915917409451,HER2,0.20144846969737842
Claudin-7,0.2503936300287504,PR,0.24390172999517423,B-Raf,0.12841086588811837,Claudin-7,0.15355902674120533,P62,0.1721112408067856,Akt_pS473,0.11683063982856177,Akt_pS473,0.2578752003863904,p70-S6K_pT389,0.21588062468477573,STAT5-alpha,0.28495314656082327,STAT5-alpha,0.23727242527105372,Cyclin-D1,0.18122296927370393,ATM,0.1476356740902186,Akt_pT308,0.14821349880264997,COMPLEX_II_SUBUNIT_70_KDA_FP,0.16427501509716844,53BP1,0.21136899766651618
ER-alpha,0.34356045173311184,ER-alpha,0.27352441144732853,STAT5-alpha,0.1297239381326404,NF2,0.15712673338011593,EGFR,0.22234128098382425,EGFR,0.13911484776900873,IGF1R-b,0.26207535989934966,P70S6K,0.21927782560597311,EGFR,0.392901817471197,COMPLEX_IV_SUBUNIT1,0.2406835397090193,Claudin-7,0.2947131211364496,PTEN,0.21503230575003007,beta-Catenin,0.1848076984967276,P62,0.16722257133620252,Bim,0.23955670657905592
PR,0.3857702310784532,Caveolin-1,0.40430953884929677,PTEN,0.1349971108401722,beta-Catenin,0.1870130783671051,Akt_pS473,0.24280936698396177,HER2,0.6667563479583243,AR,0.3021720482353078,NF2,0.27955668739719103,c-Kit,0.47619605763177497,Caveolin-1,0.3628492404077852,Cox2,0.29532531295350367,PR,0.27248857676855864,Annexin-1,0.2864669887034573,Cyclophilin-D,0.2805769585262806,beta-Catenin,0.24535542949629788
